-- MySQL dump 10.13  Distrib 5.7.22, for Linux (x86_64)
--
-- Host: localhost    Database: citizen
-- ------------------------------------------------------
-- Server version	5.7.22-0ubuntu0.16.04.1

/*!40101 SET @OLD_CHARACTER_SET_CLIENT=@@CHARACTER_SET_CLIENT */;
/*!40101 SET @OLD_CHARACTER_SET_RESULTS=@@CHARACTER_SET_RESULTS */;
/*!40101 SET @OLD_COLLATION_CONNECTION=@@COLLATION_CONNECTION */;
/*!40101 SET NAMES utf8 */;
/*!40103 SET @OLD_TIME_ZONE=@@TIME_ZONE */;
/*!40103 SET TIME_ZONE='+00:00' */;
/*!40014 SET @OLD_UNIQUE_CHECKS=@@UNIQUE_CHECKS, UNIQUE_CHECKS=0 */;
/*!40014 SET @OLD_FOREIGN_KEY_CHECKS=@@FOREIGN_KEY_CHECKS, FOREIGN_KEY_CHECKS=0 */;
/*!40101 SET @OLD_SQL_MODE=@@SQL_MODE, SQL_MODE='NO_AUTO_VALUE_ON_ZERO' */;
/*!40111 SET @OLD_SQL_NOTES=@@SQL_NOTES, SQL_NOTES=0 */;

--
-- Table structure for table `auth_group`
--

DROP TABLE IF EXISTS `auth_group`;
/*!40101 SET @saved_cs_client     = @@character_set_client */;
/*!40101 SET character_set_client = utf8 */;
CREATE TABLE `auth_group` (
  `id` int(11) NOT NULL AUTO_INCREMENT,
  `name` varchar(80) NOT NULL,
  PRIMARY KEY (`id`),
  UNIQUE KEY `name` (`name`)
) ENGINE=InnoDB DEFAULT CHARSET=latin1;
/*!40101 SET character_set_client = @saved_cs_client */;

--
-- Dumping data for table `auth_group`
--

LOCK TABLES `auth_group` WRITE;
/*!40000 ALTER TABLE `auth_group` DISABLE KEYS */;
/*!40000 ALTER TABLE `auth_group` ENABLE KEYS */;
UNLOCK TABLES;

--
-- Table structure for table `auth_group_permissions`
--

DROP TABLE IF EXISTS `auth_group_permissions`;
/*!40101 SET @saved_cs_client     = @@character_set_client */;
/*!40101 SET character_set_client = utf8 */;
CREATE TABLE `auth_group_permissions` (
  `id` int(11) NOT NULL AUTO_INCREMENT,
  `group_id` int(11) NOT NULL,
  `permission_id` int(11) NOT NULL,
  PRIMARY KEY (`id`),
  UNIQUE KEY `auth_group_permissions_group_id_permission_id_0cd325b0_uniq` (`group_id`,`permission_id`),
  KEY `auth_group_permissio_permission_id_84c5c92e_fk_auth_perm` (`permission_id`),
  CONSTRAINT `auth_group_permissio_permission_id_84c5c92e_fk_auth_perm` FOREIGN KEY (`permission_id`) REFERENCES `auth_permission` (`id`),
  CONSTRAINT `auth_group_permissions_group_id_b120cbf9_fk_auth_group_id` FOREIGN KEY (`group_id`) REFERENCES `auth_group` (`id`)
) ENGINE=InnoDB DEFAULT CHARSET=latin1;
/*!40101 SET character_set_client = @saved_cs_client */;

--
-- Dumping data for table `auth_group_permissions`
--

LOCK TABLES `auth_group_permissions` WRITE;
/*!40000 ALTER TABLE `auth_group_permissions` DISABLE KEYS */;
/*!40000 ALTER TABLE `auth_group_permissions` ENABLE KEYS */;
UNLOCK TABLES;

--
-- Table structure for table `auth_permission`
--

DROP TABLE IF EXISTS `auth_permission`;
/*!40101 SET @saved_cs_client     = @@character_set_client */;
/*!40101 SET character_set_client = utf8 */;
CREATE TABLE `auth_permission` (
  `id` int(11) NOT NULL AUTO_INCREMENT,
  `name` varchar(255) NOT NULL,
  `content_type_id` int(11) NOT NULL,
  `codename` varchar(100) NOT NULL,
  PRIMARY KEY (`id`),
  UNIQUE KEY `auth_permission_content_type_id_codename_01ab375a_uniq` (`content_type_id`,`codename`),
  CONSTRAINT `auth_permission_content_type_id_2f476e4b_fk_django_co` FOREIGN KEY (`content_type_id`) REFERENCES `django_content_type` (`id`)
) ENGINE=InnoDB AUTO_INCREMENT=65 DEFAULT CHARSET=latin1;
/*!40101 SET character_set_client = @saved_cs_client */;

--
-- Dumping data for table `auth_permission`
--

LOCK TABLES `auth_permission` WRITE;
/*!40000 ALTER TABLE `auth_permission` DISABLE KEYS */;
INSERT INTO `auth_permission` VALUES (1,'Can add log entry',1,'add_logentry'),(2,'Can change log entry',1,'change_logentry'),(3,'Can delete log entry',1,'delete_logentry'),(4,'Can view log entry',1,'view_logentry'),(5,'Can add permission',2,'add_permission'),(6,'Can change permission',2,'change_permission'),(7,'Can delete permission',2,'delete_permission'),(8,'Can view permission',2,'view_permission'),(9,'Can add group',3,'add_group'),(10,'Can change group',3,'change_group'),(11,'Can delete group',3,'delete_group'),(12,'Can view group',3,'view_group'),(13,'Can add user',4,'add_user'),(14,'Can change user',4,'change_user'),(15,'Can delete user',4,'delete_user'),(16,'Can view user',4,'view_user'),(17,'Can add content type',5,'add_contenttype'),(18,'Can change content type',5,'change_contenttype'),(19,'Can delete content type',5,'delete_contenttype'),(20,'Can view content type',5,'view_contenttype'),(21,'Can add session',6,'add_session'),(22,'Can change session',6,'change_session'),(23,'Can delete session',6,'delete_session'),(24,'Can view session',6,'view_session'),(25,'Can add question',7,'add_question'),(26,'Can change question',7,'change_question'),(27,'Can delete question',7,'delete_question'),(28,'Can view question',7,'view_question'),(29,'Can add question type',8,'add_questiontype'),(30,'Can change question type',8,'change_questiontype'),(31,'Can delete question type',8,'delete_questiontype'),(32,'Can view question type',8,'view_questiontype'),(33,'Can add answer',9,'add_answer'),(34,'Can change answer',9,'change_answer'),(35,'Can delete answer',9,'delete_answer'),(36,'Can view answer',9,'view_answer'),(37,'Can add question type',10,'add_questiontype'),(38,'Can change question type',10,'change_questiontype'),(39,'Can delete question type',10,'delete_questiontype'),(40,'Can view question type',10,'view_questiontype'),(41,'Can add question',11,'add_question'),(42,'Can change question',11,'change_question'),(43,'Can delete question',11,'delete_question'),(44,'Can view question',11,'view_question'),(45,'Can add section',10,'add_section'),(46,'Can change section',10,'change_section'),(47,'Can delete section',10,'delete_section'),(48,'Can view section',10,'view_section'),(49,'Can add result',12,'add_result'),(50,'Can change result',12,'change_result'),(51,'Can delete result',12,'delete_result'),(52,'Can view result',12,'view_result'),(53,'Can add proposed question',13,'add_proposedquestion'),(54,'Can change proposed question',13,'change_proposedquestion'),(55,'Can delete proposed question',13,'delete_proposedquestion'),(56,'Can view proposed question',13,'view_proposedquestion'),(57,'Can add log test question',14,'add_logtestquestion'),(58,'Can change log test question',14,'change_logtestquestion'),(59,'Can delete log test question',14,'delete_logtestquestion'),(60,'Can view log test question',14,'view_logtestquestion'),(61,'Can add log test',15,'add_logtest'),(62,'Can change log test',15,'change_logtest'),(63,'Can delete log test',15,'delete_logtest'),(64,'Can view log test',15,'view_logtest');
/*!40000 ALTER TABLE `auth_permission` ENABLE KEYS */;
UNLOCK TABLES;

--
-- Table structure for table `auth_user`
--

DROP TABLE IF EXISTS `auth_user`;
/*!40101 SET @saved_cs_client     = @@character_set_client */;
/*!40101 SET character_set_client = utf8 */;
CREATE TABLE `auth_user` (
  `id` int(11) NOT NULL AUTO_INCREMENT,
  `password` varchar(128) NOT NULL,
  `last_login` datetime(6) DEFAULT NULL,
  `is_superuser` tinyint(1) NOT NULL,
  `username` varchar(150) NOT NULL,
  `first_name` varchar(30) NOT NULL,
  `last_name` varchar(150) NOT NULL,
  `email` varchar(254) NOT NULL,
  `is_staff` tinyint(1) NOT NULL,
  `is_active` tinyint(1) NOT NULL,
  `date_joined` datetime(6) NOT NULL,
  PRIMARY KEY (`id`),
  UNIQUE KEY `username` (`username`)
) ENGINE=InnoDB AUTO_INCREMENT=6 DEFAULT CHARSET=latin1;
/*!40101 SET character_set_client = @saved_cs_client */;

--
-- Dumping data for table `auth_user`
--

LOCK TABLES `auth_user` WRITE;
/*!40000 ALTER TABLE `auth_user` DISABLE KEYS */;
INSERT INTO `auth_user` VALUES (1,'pbkdf2_sha256$120000$BUky75I15w3R$942MbEJy4TOyz4JQMfQupesFaBP3Y4ZGczKeZ0yo1C0=','2018-09-28 18:40:53.261559',1,'brad','','','',1,1,'2018-08-17 16:51:20.139000'),(2,'pbkdf2_sha256$120000$sskoJm2IIax7$Hzs4V7ibVBzb1O9SJp5p5hNcQ55r1m/V5RVOt5Cg8aY=','2018-09-28 18:29:37.000000',0,'alice','','','',0,1,'2018-08-21 02:08:36.000000'),(4,'pbkdf2_sha256$120000$X35Euc3BdRCk$YRq7jtFQmoBEvqB9YOLAUT0IPbAtV9q8OdKBql5aNRU=',NULL,0,'mujib','','','',0,1,'2018-08-30 17:22:36.964826'),(5,'pbkdf2_sha256$120000$EJj8MXVv2GxT$y85XlgQxh0Tinb3a+hqATqlbYxENf7ebMvyFboIjvyg=',NULL,0,'guest','','','',0,1,'2018-08-31 12:35:05.000000');
/*!40000 ALTER TABLE `auth_user` ENABLE KEYS */;
UNLOCK TABLES;

--
-- Table structure for table `auth_user_groups`
--

DROP TABLE IF EXISTS `auth_user_groups`;
/*!40101 SET @saved_cs_client     = @@character_set_client */;
/*!40101 SET character_set_client = utf8 */;
CREATE TABLE `auth_user_groups` (
  `id` int(11) NOT NULL AUTO_INCREMENT,
  `user_id` int(11) NOT NULL,
  `group_id` int(11) NOT NULL,
  PRIMARY KEY (`id`),
  UNIQUE KEY `auth_user_groups_user_id_group_id_94350c0c_uniq` (`user_id`,`group_id`),
  KEY `auth_user_groups_group_id_97559544_fk_auth_group_id` (`group_id`),
  CONSTRAINT `auth_user_groups_group_id_97559544_fk_auth_group_id` FOREIGN KEY (`group_id`) REFERENCES `auth_group` (`id`),
  CONSTRAINT `auth_user_groups_user_id_6a12ed8b_fk_auth_user_id` FOREIGN KEY (`user_id`) REFERENCES `auth_user` (`id`)
) ENGINE=InnoDB DEFAULT CHARSET=latin1;
/*!40101 SET character_set_client = @saved_cs_client */;

--
-- Dumping data for table `auth_user_groups`
--

LOCK TABLES `auth_user_groups` WRITE;
/*!40000 ALTER TABLE `auth_user_groups` DISABLE KEYS */;
/*!40000 ALTER TABLE `auth_user_groups` ENABLE KEYS */;
UNLOCK TABLES;

--
-- Table structure for table `auth_user_user_permissions`
--

DROP TABLE IF EXISTS `auth_user_user_permissions`;
/*!40101 SET @saved_cs_client     = @@character_set_client */;
/*!40101 SET character_set_client = utf8 */;
CREATE TABLE `auth_user_user_permissions` (
  `id` int(11) NOT NULL AUTO_INCREMENT,
  `user_id` int(11) NOT NULL,
  `permission_id` int(11) NOT NULL,
  PRIMARY KEY (`id`),
  UNIQUE KEY `auth_user_user_permissions_user_id_permission_id_14a6b632_uniq` (`user_id`,`permission_id`),
  KEY `auth_user_user_permi_permission_id_1fbb5f2c_fk_auth_perm` (`permission_id`),
  CONSTRAINT `auth_user_user_permi_permission_id_1fbb5f2c_fk_auth_perm` FOREIGN KEY (`permission_id`) REFERENCES `auth_permission` (`id`),
  CONSTRAINT `auth_user_user_permissions_user_id_a95ead1b_fk_auth_user_id` FOREIGN KEY (`user_id`) REFERENCES `auth_user` (`id`)
) ENGINE=InnoDB DEFAULT CHARSET=latin1;
/*!40101 SET character_set_client = @saved_cs_client */;

--
-- Dumping data for table `auth_user_user_permissions`
--

LOCK TABLES `auth_user_user_permissions` WRITE;
/*!40000 ALTER TABLE `auth_user_user_permissions` DISABLE KEYS */;
/*!40000 ALTER TABLE `auth_user_user_permissions` ENABLE KEYS */;
UNLOCK TABLES;

--
-- Table structure for table `django_admin_log`
--

DROP TABLE IF EXISTS `django_admin_log`;
/*!40101 SET @saved_cs_client     = @@character_set_client */;
/*!40101 SET character_set_client = utf8 */;
CREATE TABLE `django_admin_log` (
  `id` int(11) NOT NULL AUTO_INCREMENT,
  `action_time` datetime(6) NOT NULL,
  `object_id` longtext,
  `object_repr` varchar(200) NOT NULL,
  `action_flag` smallint(5) unsigned NOT NULL,
  `change_message` longtext NOT NULL,
  `content_type_id` int(11) DEFAULT NULL,
  `user_id` int(11) NOT NULL,
  PRIMARY KEY (`id`),
  KEY `django_admin_log_content_type_id_c4bce8eb_fk_django_co` (`content_type_id`),
  KEY `django_admin_log_user_id_c564eba6_fk_auth_user_id` (`user_id`),
  CONSTRAINT `django_admin_log_content_type_id_c4bce8eb_fk_django_co` FOREIGN KEY (`content_type_id`) REFERENCES `django_content_type` (`id`),
  CONSTRAINT `django_admin_log_user_id_c564eba6_fk_auth_user_id` FOREIGN KEY (`user_id`) REFERENCES `auth_user` (`id`)
) ENGINE=InnoDB AUTO_INCREMENT=162 DEFAULT CHARSET=latin1;
/*!40101 SET character_set_client = @saved_cs_client */;

--
-- Dumping data for table `django_admin_log`
--

LOCK TABLES `django_admin_log` WRITE;
/*!40000 ALTER TABLE `django_admin_log` DISABLE KEYS */;
INSERT INTO `django_admin_log` VALUES (1,'2018-08-17 16:57:43.886000','1','History',1,'[{\"added\": {}}]',8,1),(2,'2018-08-17 16:58:13.989000','1','Who discovered Canada for the English?\r\nWhen did he discover it?',1,'[{\"added\": {}}]',7,1),(3,'2018-08-17 16:58:39.371000','2','Who discovered Canada for the French?\r\nWhen did he discover it?',1,'[{\"added\": {}}]',7,1),(4,'2018-08-17 16:59:03.254000','3','Which French explorers colonized Canada?  What major colony/outpost did they build?  When did they build it?',1,'[{\"added\": {}}]',7,1),(5,'2018-08-17 16:59:29.756000','4','What year was the Battle of the Plains?   What was the fight over?   Who won?',1,'[{\"added\": {}}]',7,1),(6,'2018-08-17 16:59:54.662000','5','What was the Underground railroad?',1,'[{\"added\": {}}]',7,1),(7,'2018-08-17 17:00:21.656000','6','What was the war of 1812 about?',1,'[{\"added\": {}}]',7,1),(8,'2018-08-17 17:00:46.659000','7','Describe the Canadian rebellions of 1837-38.  What were they about?  Where did the rebellions occur?  Did they succeed?',1,'[{\"added\": {}}]',7,1),(9,'2018-08-17 17:01:16.189000','8','What was the ‘Province of Canada’?',1,'[{\"added\": {}}]',7,1),(10,'2018-08-17 17:01:41.432000','9','What was the date of confederation?  Did it have British support?',1,'[{\"added\": {}}]',7,1),(11,'2018-08-17 17:02:07.452000','10','What were the first four Canadian provinces?',1,'[{\"added\": {}}]',7,1),(12,'2018-08-17 17:02:35.124000','11','When and where did the first two Canadian rebellions happen?  Who was the Rebellions leader?',1,'[{\"added\": {}}]',7,1),(13,'2018-08-17 17:02:57.970000','12','What is the difference between Jacques Cartier and Sir George-Etienne Cartier?',1,'[{\"added\": {}}]',7,1),(14,'2018-08-17 17:03:20.974000','13','When were woman given the right to vote in Canada?',1,'[{\"added\": {}}]',7,1),(15,'2018-08-17 17:03:43.696000','14','Who wrote the poem “In Flanders Fields”.  What day is this poem most often recited.',1,'[{\"added\": {}}]',7,1),(16,'2018-08-17 17:04:06.572000','15','How many Canadians served in World War 2.  How many were killed?',1,'[{\"added\": {}}]',7,1),(17,'2018-08-17 17:04:25.540000','16','What was the date of D-Day,  what beach did Canadians storm and capture?',1,'[{\"added\": {}}]',7,1),(18,'2018-08-18 18:33:03.903000','2','Rights and Responsibilities of Citizenship',1,'[{\"added\": {}}]',8,1),(19,'2018-08-18 18:33:14.354000','3','Who We Are',1,'[{\"added\": {}}]',8,1),(20,'2018-08-18 18:33:35.687000','4','Modern Canada',1,'[{\"added\": {}}]',8,1),(21,'2018-08-18 18:34:10.621000','5','Government',1,'[{\"added\": {}}]',8,1),(22,'2018-08-18 18:34:16.420000','6','The Justice System',1,'[{\"added\": {}}]',8,1),(23,'2018-08-18 18:34:45.938000','7','Canadian Symbols',1,'[{\"added\": {}}]',8,1),(24,'2018-08-18 18:34:51.127000','8','Canadian Economy',1,'[{\"added\": {}}]',8,1),(25,'2018-08-18 18:35:42.284000','9','Canada Regions',1,'[{\"added\": {}}]',8,1),(26,'2018-08-18 18:42:37.257000','17','What are the general sources of Canadian law?',1,'[{\"added\": {}}]',7,1),(27,'2018-08-18 18:47:04.729000','18','What is the Magna Carta?   When was it created?   What name is it also known by?',1,'[{\"added\": {}}]',7,1),(28,'2018-08-18 18:47:35.260000','19','What are the four major freedoms laid out in the Magna Carta document?',1,'[{\"added\": {}}]',7,1),(29,'2018-08-18 18:48:17.347000','20','What is Habeas corpus?',1,'[{\"added\": {}}]',7,1),(30,'2018-08-18 18:48:57.882000','21','When was the Constitution of Canada amended to entrech the Canadian Charter of Rights and Freedoms?',1,'[{\"added\": {}}]',7,1),(31,'2018-08-18 18:51:09.487000','22','What are the additional rights the Canadian Charter of Rights and Freedoms added?',1,'[{\"added\": {}}]',7,1),(32,'2018-08-18 18:51:32.967000','23','What is the mobility right?',1,'[{\"added\": {}}]',7,1),(33,'2018-08-18 18:52:13.800000','24','What is the Aboriginal People\'s Right?',1,'[{\"added\": {}}]',7,1),(34,'2018-08-18 18:52:42.611000','25','What is the Official Language Rights and Minority Language Educational Rights',1,'[{\"added\": {}}]',7,1),(35,'2018-08-18 18:53:26.790000','26','What is the multiculturalism right?',1,'[{\"added\": {}}]',7,1),(36,'2018-08-18 18:54:04.835000','27','Are men and women equal under Canadian law?',1,'[{\"added\": {}}]',7,1),(37,'2018-08-18 18:55:04.556000','28','What are the six Canadian citizenship responsibilities?',1,'[{\"added\": {}}]',7,1),(38,'2018-08-18 18:55:25.712000','29','Does Canada have compulsory military service?',1,'[{\"added\": {}}]',7,1),(39,'2018-08-18 18:56:32.036000','30','What is the name of Canada\'s original constitutional document in 1867?',1,'[{\"added\": {}}]',7,1),(40,'2018-08-18 18:57:09.864000','31','Have poets and songwriters hailed Canada as the \"Great Dominion\"?',1,'[{\"added\": {}}]',7,1),(41,'2018-08-18 18:57:55.307000','32','Have poets and songwriters hailed Canada as the \"Great Empire\"?',1,'[{\"added\": {}}]',7,1),(42,'2018-08-18 18:58:34.454000','33','What are Canada\'s three founding groups of people?',1,'[{\"added\": {}}]',7,1),(43,'2018-08-18 18:59:32.431000','34','Are aboriginal and treaty rights contained in the Canadian Constitution?',1,'[{\"added\": {}}]',7,1),(44,'2018-08-18 19:00:36.827000','35','When were Canadian aboriginal territorial rights first guaranteed?  Who did it?',1,'[{\"added\": {}}]',7,1),(45,'2018-08-18 19:01:48.112000','36','From the 1800s until the 1980s, what did the Federal government do with many Aboriginal children?',1,'[{\"added\": {}}]',7,1),(46,'2018-08-18 19:02:19.771000','37','Did Canada apologize to former aboriginal students?  If so, what year did it happen?',1,'[{\"added\": {}}]',7,1),(47,'2018-08-18 19:03:23.399000','38','What three groups does the term \'Aboriginal peoples\' refer to?',1,'[{\"added\": {}}]',7,1),(48,'2018-08-18 19:04:30.467000','39','What is the general percentage distribution of aboriginal people (First nations, Metis, Inuit)?',1,'[{\"added\": {}}]',7,1),(49,'2018-08-18 19:06:06.264000','40','Who was John Buchan?',1,'[{\"added\": {}}]',7,1),(50,'2018-08-18 19:06:42.828000','41','Is the Federal Government required by law to provide services throughout Canada in both English and French?',1,'[{\"added\": {}}]',7,1),(51,'2018-08-18 19:06:54.770000','42','Is the Federal Government required by law to provide services throughout Canada in both English and Spanish?',1,'[{\"added\": {}}]',7,1),(52,'2018-08-18 19:07:37.443000','43','Is Nova Scotia officially bilingual?',1,'[{\"added\": {}}]',7,1),(53,'2018-08-18 19:07:51.847000','44','Is New Brunswick officially bilingual?',1,'[{\"added\": {}}]',7,1),(54,'2018-08-18 19:09:32.605000','45','What is an anglophone?',1,'[{\"added\": {}}]',7,1),(55,'2018-08-18 19:09:57.773000','46','What is a francophone?',1,'[{\"added\": {}}]',7,1),(56,'2018-08-18 19:10:12.975000','47','How many Anglophones are in Canada?',1,'[{\"added\": {}}]',7,1),(57,'2018-08-18 19:10:29.198000','48','How many Francophones are in Canada?',1,'[{\"added\": {}}]',7,1),(58,'2018-08-18 19:12:07.503000','49','Who are the Acadians?',1,'[{\"added\": {}}]',7,1),(59,'2018-08-18 19:14:17.976000','50','Why is Canada referred to as the \'land of immigrants\'?',1,'[{\"added\": {}}]',7,1),(60,'2018-08-18 19:14:55.929000','51','What is Canada\'s largest religious affiliation?',1,'[{\"added\": {}}]',7,1),(61,'2018-08-19 17:50:11.340000','1','test1',1,'[{\"added\": {}}]',10,1),(62,'2018-08-19 17:50:25.528000','1','What is your favourite color?',1,'[{\"added\": {}}]',11,1),(63,'2018-08-19 17:50:42.091000','1','Red',1,'[{\"added\": {}}]',9,1),(64,'2018-08-19 17:50:48.699000','2','Green',1,'[{\"added\": {}}]',9,1),(65,'2018-08-19 17:50:54.164000','3','Blue',1,'[{\"added\": {}}]',9,1),(66,'2018-08-19 17:51:04.143000','4','Black',1,'[{\"added\": {}}]',9,1),(67,'2018-08-19 18:13:50.709000','2','What is your favourite food?',1,'[{\"added\": {}}]',11,1),(68,'2018-08-19 18:14:05.804000','5','Pizza',1,'[{\"added\": {}}]',9,1),(69,'2018-08-19 18:14:13.229000','6','Steak',1,'[{\"added\": {}}]',9,1),(70,'2018-08-19 18:14:20.685000','7','Hamburger',1,'[{\"added\": {}}]',9,1),(71,'2018-08-19 18:14:27.647000','8','Beef Vindaloo',1,'[{\"added\": {}}]',9,1),(72,'2018-08-19 18:15:32.938000','3','How many times did you work out this week?',1,'[{\"added\": {}}]',11,1),(73,'2018-08-19 18:15:43.464000','9','1',1,'[{\"added\": {}}]',9,1),(74,'2018-08-19 18:15:48.623000','10','2',1,'[{\"added\": {}}]',9,1),(75,'2018-08-19 18:15:54.940000','11','3',1,'[{\"added\": {}}]',9,1),(76,'2018-08-19 18:15:59.205000','12','4',1,'[{\"added\": {}}]',9,1),(77,'2018-08-21 02:08:36.907000','2','alice',1,'[{\"added\": {}}]',4,1),(78,'2018-08-21 02:08:43.638000','2','alice',2,'[]',4,1),(79,'2018-08-21 20:40:56.279174','4','Is Brad the Bomb?',3,'',11,1),(80,'2018-08-22 02:25:55.589918','22','True',3,'',9,1),(81,'2018-08-22 02:25:55.594312','21','False',3,'',9,1),(82,'2018-08-22 02:25:55.600417','20','False',3,'',9,1),(83,'2018-08-22 02:25:55.602350','19','False',3,'',9,1),(84,'2018-08-22 02:25:55.603797','18','True',3,'',9,1),(85,'2018-08-22 02:25:55.605774','17','Really Loud',3,'',9,1),(86,'2018-08-22 02:25:55.607194','16','Quietly',3,'',9,1),(87,'2018-08-22 02:25:55.608916','15','No',3,'',9,1),(88,'2018-08-22 02:25:55.610201','14','Yes',3,'',9,1),(89,'2018-08-22 02:25:55.612842','13','Yes he is',3,'',9,1),(90,'2018-08-22 02:25:55.614351','12','4',3,'',9,1),(91,'2018-08-22 02:25:55.615771','11','3',3,'',9,1),(92,'2018-08-22 02:25:55.617520','10','2',3,'',9,1),(93,'2018-08-22 02:25:55.619005','9','1',3,'',9,1),(94,'2018-08-22 02:25:55.620406','8','Beef Vindaloo',3,'',9,1),(95,'2018-08-22 02:25:55.622003','7','Hamburger',3,'',9,1),(96,'2018-08-22 02:25:55.623472','6','Steak',3,'',9,1),(97,'2018-08-22 02:25:55.624979','5','Pizza',3,'',9,1),(98,'2018-08-22 02:25:55.626429','4','Black',3,'',9,1),(99,'2018-08-22 02:25:55.627690','3','Blue',3,'',9,1),(100,'2018-08-22 02:25:55.629264','2','Green',3,'',9,1),(101,'2018-08-22 02:25:55.630589','1','Red',3,'',9,1),(102,'2018-08-22 02:26:03.807153','12','Test3',3,'',11,1),(103,'2018-08-22 02:26:03.809619','11','testing 2',3,'',11,1),(104,'2018-08-22 02:26:03.811130','10','testing',3,'',11,1),(105,'2018-08-22 02:26:03.812717','9','Is Matthew Crying?',3,'',11,1),(106,'2018-08-22 02:26:03.814864','8','Is Brad the Bomb?',3,'',11,1),(107,'2018-08-22 02:26:03.816205','7','Is Brad the Bomb?',3,'',11,1),(108,'2018-08-22 02:26:03.817716','6','Is Brad the Bomb?',3,'',11,1),(109,'2018-08-22 02:26:03.819058','5','Is Brad the Bomb?',3,'',11,1),(110,'2018-08-22 02:26:03.820331','3','How many times did you work out this week?',3,'',11,1),(111,'2018-08-22 02:26:03.821982','2','What is your favourite food?',3,'',11,1),(112,'2018-08-22 02:26:03.823283','1','What is your favourite color?',3,'',11,1),(113,'2018-08-22 02:26:13.541898','1','test1',3,'',10,1),(114,'2018-08-22 02:28:11.730104','2','Rights',1,'[{\"added\": {}}]',10,1),(115,'2018-08-22 02:28:21.227031','2','Rights and Responsibilities of Citizenship',2,'[{\"changed\": {\"fields\": [\"name\"]}}]',10,1),(116,'2018-08-22 02:28:36.132423','3','Who We Are',1,'[{\"added\": {}}]',10,1),(117,'2018-08-22 02:28:54.917639','4','Canada\'s History',1,'[{\"added\": {}}]',10,1),(118,'2018-08-22 02:29:20.498997','5','Modern Canada',1,'[{\"added\": {}}]',10,1),(119,'2018-08-22 02:29:42.106051','6','How Canadians Govern Themselves',1,'[{\"added\": {}}]',10,1),(120,'2018-08-22 02:29:56.057845','7','Federal Elections',1,'[{\"added\": {}}]',10,1),(121,'2018-08-22 02:30:41.687580','8','The Justice System',1,'[{\"added\": {}}]',10,1),(122,'2018-08-22 02:30:55.299555','9','Canadian Symbols',1,'[{\"added\": {}}]',10,1),(123,'2018-08-22 02:31:25.591803','10','Canada\'s Economy',1,'[{\"added\": {}}]',10,1),(124,'2018-08-22 02:31:38.837004','11','Canada\'s Regions',1,'[{\"added\": {}}]',10,1),(125,'2018-08-22 21:37:46.136736','15','Did you go to jail?',3,'',11,1),(126,'2018-08-22 21:37:46.138750','14','sdfsdfsdf',3,'',11,1),(127,'2018-08-22 21:37:46.140093','13','test123',3,'',11,1),(128,'2018-08-22 21:38:11.827279','11','Canada\'s Regions',3,'',10,1),(129,'2018-08-22 21:38:11.829540','10','Canada\'s Economy',3,'',10,1),(130,'2018-08-22 21:38:11.831497','9','Canadian Symbols',3,'',10,1),(131,'2018-08-22 21:38:11.833290','8','The Justice System',3,'',10,1),(132,'2018-08-22 21:38:11.835098','7','Federal Elections',3,'',10,1),(133,'2018-08-22 21:38:11.836593','6','How Canadians Govern Themselves',3,'',10,1),(134,'2018-08-22 21:38:11.837922','5','Modern Canada',3,'',10,1),(135,'2018-08-22 21:38:11.839433','4','Canada\'s History',3,'',10,1),(136,'2018-08-22 21:38:11.840619','3','Who We Are',3,'',10,1),(137,'2018-08-22 21:38:11.842091','2','Rights and Responsibilities of Citizenship',3,'',10,1),(138,'2018-08-22 21:40:10.170521','1','Rights and Responsibilities of Citizenship',1,'[{\"added\": {}}]',10,1),(139,'2018-08-22 21:40:27.262944','2','Who We Are',1,'[{\"added\": {}}]',10,1),(140,'2018-08-22 21:40:32.381483','3','Canada\'s History',1,'[{\"added\": {}}]',10,1),(141,'2018-08-22 21:40:37.827292','4','Modern Canada',1,'[{\"added\": {}}]',10,1),(142,'2018-08-22 21:40:42.787543','5','How Canadians Govern Themselves',1,'[{\"added\": {}}]',10,1),(143,'2018-08-22 21:40:48.622163','6','Federal Elections',1,'[{\"added\": {}}]',10,1),(144,'2018-08-22 21:40:53.969335','7','The Justice System',1,'[{\"added\": {}}]',10,1),(145,'2018-08-22 21:40:59.097070','8','Canadian Symbols',1,'[{\"added\": {}}]',10,1),(146,'2018-08-22 21:41:03.725140','9','Canada\'s Economy',1,'[{\"added\": {}}]',10,1),(147,'2018-08-22 21:41:08.381714','10','Canada\'s Regions',1,'[{\"added\": {}}]',10,1),(148,'2018-08-22 21:52:38.658151','1','brad',3,'',11,1),(149,'2018-08-23 00:20:38.315320','4','Obeying the law, stay informed of issues affecting your community, two year military service, voting in elections, helping others in the community, protecting and enjoying our heritage and environment',2,'[{\"changed\": {\"fields\": [\"answer\"]}}]',9,1),(150,'2018-08-27 16:11:48.218672','69','Who were the founders of Research in Motion (RIM)',2,'[{\"changed\": {\"fields\": [\"question\"]}}]',11,1),(151,'2018-08-30 17:19:57.420685','3','mo',1,'[{\"added\": {}}]',4,1),(152,'2018-08-30 17:20:46.290076','3','mo',3,'',4,1),(153,'2018-08-30 17:22:37.197892','4','mujib',1,'[{\"added\": {}}]',4,1),(154,'2018-08-31 12:35:06.010099','5','guest',1,'[{\"added\": {}}]',4,1),(155,'2018-08-31 12:37:02.066891','5','guest',2,'[]',4,1),(156,'2018-09-03 21:16:50.143350','85','Who are Senators appointed by?',2,'[{\"changed\": {\"fields\": [\"section\"]}}]',11,1),(157,'2018-09-12 14:12:39.580043','196','Why was Lieutenant Robert Hampton Gray given a Victoria Cross?',2,'[{\"changed\": {\"fields\": [\"question\"]}}]',11,1),(158,'2018-09-22 21:14:50.894707','243','Which Canadian province is the most easterly point in North America?',3,'',11,1),(159,'2018-09-23 11:42:14.871568','2','alice',2,'[]',4,1),(160,'2018-09-28 18:28:54.684426','2','alice',2,'[{\"changed\": {\"fields\": [\"is_staff\"]}}]',4,1),(161,'2018-09-28 18:48:19.355379','2','alice',2,'[{\"changed\": {\"fields\": [\"is_staff\"]}}]',4,1);
/*!40000 ALTER TABLE `django_admin_log` ENABLE KEYS */;
UNLOCK TABLES;

--
-- Table structure for table `django_content_type`
--

DROP TABLE IF EXISTS `django_content_type`;
/*!40101 SET @saved_cs_client     = @@character_set_client */;
/*!40101 SET character_set_client = utf8 */;
CREATE TABLE `django_content_type` (
  `id` int(11) NOT NULL AUTO_INCREMENT,
  `app_label` varchar(100) NOT NULL,
  `model` varchar(100) NOT NULL,
  PRIMARY KEY (`id`),
  UNIQUE KEY `django_content_type_app_label_model_76bd3d3b_uniq` (`app_label`,`model`)
) ENGINE=InnoDB AUTO_INCREMENT=16 DEFAULT CHARSET=latin1;
/*!40101 SET character_set_client = @saved_cs_client */;

--
-- Dumping data for table `django_content_type`
--

LOCK TABLES `django_content_type` WRITE;
/*!40000 ALTER TABLE `django_content_type` DISABLE KEYS */;
INSERT INTO `django_content_type` VALUES (1,'admin','logentry'),(3,'auth','group'),(2,'auth','permission'),(4,'auth','user'),(5,'contenttypes','contenttype'),(9,'question','answer'),(15,'question','logtest'),(14,'question','logtestquestion'),(13,'question','proposedquestion'),(11,'question','question'),(12,'question','result'),(10,'question','section'),(6,'sessions','session'),(7,'testt','question'),(8,'testt','questiontype');
/*!40000 ALTER TABLE `django_content_type` ENABLE KEYS */;
UNLOCK TABLES;

--
-- Table structure for table `django_migrations`
--

DROP TABLE IF EXISTS `django_migrations`;
/*!40101 SET @saved_cs_client     = @@character_set_client */;
/*!40101 SET character_set_client = utf8 */;
CREATE TABLE `django_migrations` (
  `id` int(11) NOT NULL AUTO_INCREMENT,
  `app` varchar(255) NOT NULL,
  `name` varchar(255) NOT NULL,
  `applied` datetime(6) NOT NULL,
  PRIMARY KEY (`id`)
) ENGINE=InnoDB AUTO_INCREMENT=27 DEFAULT CHARSET=latin1;
/*!40101 SET character_set_client = @saved_cs_client */;

--
-- Dumping data for table `django_migrations`
--

LOCK TABLES `django_migrations` WRITE;
/*!40000 ALTER TABLE `django_migrations` DISABLE KEYS */;
INSERT INTO `django_migrations` VALUES (1,'contenttypes','0001_initial','2018-08-21 10:00:31.118011'),(2,'auth','0001_initial','2018-08-21 10:00:31.299948'),(3,'admin','0001_initial','2018-08-21 10:00:31.346670'),(4,'admin','0002_logentry_remove_auto_add','2018-08-21 10:00:31.353961'),(5,'admin','0003_logentry_add_action_flag_choices','2018-08-21 10:00:31.360894'),(6,'contenttypes','0002_remove_content_type_name','2018-08-21 10:00:31.393959'),(7,'auth','0002_alter_permission_name_max_length','2018-08-21 10:00:31.401219'),(8,'auth','0003_alter_user_email_max_length','2018-08-21 10:00:31.410311'),(9,'auth','0004_alter_user_username_opts','2018-08-21 10:00:31.417068'),(10,'auth','0005_alter_user_last_login_null','2018-08-21 10:00:31.437084'),(11,'auth','0006_require_contenttypes_0002','2018-08-21 10:00:31.440209'),(12,'auth','0007_alter_validators_add_error_messages','2018-08-21 10:00:31.446768'),(13,'auth','0008_alter_user_username_max_length','2018-08-21 10:00:31.460570'),(14,'auth','0009_alter_user_last_name_max_length','2018-08-21 10:00:31.469787'),(15,'question','0001_initial','2018-08-21 10:00:31.544810'),(16,'question','0002_auto_20180819_1744','2018-08-21 10:00:31.616632'),(17,'question','0003_auto_20180819_1811','2018-08-21 10:00:31.639755'),(18,'sessions','0001_initial','2018-08-21 10:00:31.652487'),(19,'testt','0001_initial','2018-08-21 10:00:31.692333'),(20,'question','0004_question_created_at','2018-08-22 21:43:08.485575'),(21,'question','0005_result','2018-09-04 20:13:26.557309'),(22,'question','0006_result_answer','2018-09-04 20:13:26.645574'),(23,'question','0007_proposedquestion','2018-09-23 11:39:14.850733'),(24,'question','0008_auto_20180905_1747','2018-09-23 11:39:14.918318'),(25,'question','0009_question_user','2018-09-23 11:39:15.030239'),(26,'question','0010_logtest_logtestquestion','2018-09-27 21:06:18.009367');
/*!40000 ALTER TABLE `django_migrations` ENABLE KEYS */;
UNLOCK TABLES;

--
-- Table structure for table `django_session`
--

DROP TABLE IF EXISTS `django_session`;
/*!40101 SET @saved_cs_client     = @@character_set_client */;
/*!40101 SET character_set_client = utf8 */;
CREATE TABLE `django_session` (
  `session_key` varchar(40) NOT NULL,
  `session_data` longtext NOT NULL,
  `expire_date` datetime(6) NOT NULL,
  PRIMARY KEY (`session_key`),
  KEY `django_session_expire_date_a5c62663` (`expire_date`)
) ENGINE=InnoDB DEFAULT CHARSET=latin1;
/*!40101 SET character_set_client = @saved_cs_client */;

--
-- Dumping data for table `django_session`
--

LOCK TABLES `django_session` WRITE;
/*!40000 ALTER TABLE `django_session` DISABLE KEYS */;
INSERT INTO `django_session` VALUES ('0ub6lez8c0qrbb0yy647ma0m5olvc9rm','MTZmYzcyZGVjZGFjNThhZDc5MWU0YzlmZTQwOTU1YzY4ZGRjNjU4Mzp7Il9hdXRoX3VzZXJfaWQiOiIxIiwiX2F1dGhfdXNlcl9iYWNrZW5kIjoiZGphbmdvLmNvbnRyaWIuYXV0aC5iYWNrZW5kcy5Nb2RlbEJhY2tlbmQiLCJfYXV0aF91c2VyX2hhc2giOiI0MTEzZDY4ZGY5NzhlMGYxZTliMmEwOTc0OTA4NGEwNGMwMzIwZTIwIn0=','2018-09-01 18:32:38.676000'),('4mfijs7dxyvvnfuh0yavv0wcy8r5kcmv','YzgzYjEwYmQwMzhiYmJkZThjZDkyOWU3MmVjODVjOTI4ZjU1OTdkYzp7Il9hdXRoX3VzZXJfaWQiOiIxIiwiX2F1dGhfdXNlcl9iYWNrZW5kIjoiZGphbmdvLmNvbnRyaWIuYXV0aC5iYWNrZW5kcy5Nb2RlbEJhY2tlbmQiLCJfYXV0aF91c2VyX2hhc2giOiIxYTYxMDBiZWRiYTMyZWJmNTgyYTQ5MWM3NzYzYzU4YzY5OWZjOGE4In0=','2018-09-26 14:12:18.843067'),('7fqivqjvmbxhpazml2cvjzjawtmvvbdf','YzgzYjEwYmQwMzhiYmJkZThjZDkyOWU3MmVjODVjOTI4ZjU1OTdkYzp7Il9hdXRoX3VzZXJfaWQiOiIxIiwiX2F1dGhfdXNlcl9iYWNrZW5kIjoiZGphbmdvLmNvbnRyaWIuYXV0aC5iYWNrZW5kcy5Nb2RlbEJhY2tlbmQiLCJfYXV0aF91c2VyX2hhc2giOiIxYTYxMDBiZWRiYTMyZWJmNTgyYTQ5MWM3NzYzYzU4YzY5OWZjOGE4In0=','2018-10-07 11:42:02.223663'),('b9r4gunbpua2kfs6wapq4ynn7ee504dt','YzgzYjEwYmQwMzhiYmJkZThjZDkyOWU3MmVjODVjOTI4ZjU1OTdkYzp7Il9hdXRoX3VzZXJfaWQiOiIxIiwiX2F1dGhfdXNlcl9iYWNrZW5kIjoiZGphbmdvLmNvbnRyaWIuYXV0aC5iYWNrZW5kcy5Nb2RlbEJhY2tlbmQiLCJfYXV0aF91c2VyX2hhc2giOiIxYTYxMDBiZWRiYTMyZWJmNTgyYTQ5MWM3NzYzYzU4YzY5OWZjOGE4In0=','2018-09-13 17:19:43.005821'),('fpt9uvlsu3496f0shnxlwqpi3i1qffvb','YzgzYjEwYmQwMzhiYmJkZThjZDkyOWU3MmVjODVjOTI4ZjU1OTdkYzp7Il9hdXRoX3VzZXJfaWQiOiIxIiwiX2F1dGhfdXNlcl9iYWNrZW5kIjoiZGphbmdvLmNvbnRyaWIuYXV0aC5iYWNrZW5kcy5Nb2RlbEJhY2tlbmQiLCJfYXV0aF91c2VyX2hhc2giOiIxYTYxMDBiZWRiYTMyZWJmNTgyYTQ5MWM3NzYzYzU4YzY5OWZjOGE4In0=','2018-09-10 12:55:41.535701'),('ss2hkthhxxhwatyo4zp55qjuh59cn8wh','YzgzYjEwYmQwMzhiYmJkZThjZDkyOWU3MmVjODVjOTI4ZjU1OTdkYzp7Il9hdXRoX3VzZXJfaWQiOiIxIiwiX2F1dGhfdXNlcl9iYWNrZW5kIjoiZGphbmdvLmNvbnRyaWIuYXV0aC5iYWNrZW5kcy5Nb2RlbEJhY2tlbmQiLCJfYXV0aF91c2VyX2hhc2giOiIxYTYxMDBiZWRiYTMyZWJmNTgyYTQ5MWM3NzYzYzU4YzY5OWZjOGE4In0=','2018-10-06 21:14:41.885854'),('xvr4vdz6c5vpwxbrxlbtg2pwath4b33u','MTZmYzcyZGVjZGFjNThhZDc5MWU0YzlmZTQwOTU1YzY4ZGRjNjU4Mzp7Il9hdXRoX3VzZXJfaWQiOiIxIiwiX2F1dGhfdXNlcl9iYWNrZW5kIjoiZGphbmdvLmNvbnRyaWIuYXV0aC5iYWNrZW5kcy5Nb2RlbEJhY2tlbmQiLCJfYXV0aF91c2VyX2hhc2giOiI0MTEzZDY4ZGY5NzhlMGYxZTliMmEwOTc0OTA4NGEwNGMwMzIwZTIwIn0=','2018-09-04 09:58:13.413000'),('ystpqzjm0xb2rxl610nkufc0vgag9bki','YzgzYjEwYmQwMzhiYmJkZThjZDkyOWU3MmVjODVjOTI4ZjU1OTdkYzp7Il9hdXRoX3VzZXJfaWQiOiIxIiwiX2F1dGhfdXNlcl9iYWNrZW5kIjoiZGphbmdvLmNvbnRyaWIuYXV0aC5iYWNrZW5kcy5Nb2RlbEJhY2tlbmQiLCJfYXV0aF91c2VyX2hhc2giOiIxYTYxMDBiZWRiYTMyZWJmNTgyYTQ5MWM3NzYzYzU4YzY5OWZjOGE4In0=','2018-10-12 18:40:53.264423'),('zp6eslvu6o5pqoefnd0qk1ya2u3cj8f4','YzgzYjEwYmQwMzhiYmJkZThjZDkyOWU3MmVjODVjOTI4ZjU1OTdkYzp7Il9hdXRoX3VzZXJfaWQiOiIxIiwiX2F1dGhfdXNlcl9iYWNrZW5kIjoiZGphbmdvLmNvbnRyaWIuYXV0aC5iYWNrZW5kcy5Nb2RlbEJhY2tlbmQiLCJfYXV0aF91c2VyX2hhc2giOiIxYTYxMDBiZWRiYTMyZWJmNTgyYTQ5MWM3NzYzYzU4YzY5OWZjOGE4In0=','2018-09-14 12:34:42.975861');
/*!40000 ALTER TABLE `django_session` ENABLE KEYS */;
UNLOCK TABLES;

--
-- Table structure for table `question_answer`
--

DROP TABLE IF EXISTS `question_answer`;
/*!40101 SET @saved_cs_client     = @@character_set_client */;
/*!40101 SET character_set_client = utf8 */;
CREATE TABLE `question_answer` (
  `id` int(11) NOT NULL AUTO_INCREMENT,
  `answer` longtext NOT NULL,
  `correct` tinyint(1) NOT NULL,
  `question_id` int(11) NOT NULL,
  PRIMARY KEY (`id`),
  KEY `question_answer_question_id_2220065b_fk_question_question_id` (`question_id`),
  CONSTRAINT `question_answer_question_id_2220065b_fk_question_question_id` FOREIGN KEY (`question_id`) REFERENCES `question_question` (`id`)
) ENGINE=InnoDB AUTO_INCREMENT=1233 DEFAULT CHARSET=latin1;
/*!40101 SET character_set_client = @saved_cs_client */;

--
-- Dumping data for table `question_answer`
--

LOCK TABLES `question_answer` WRITE;
/*!40000 ALTER TABLE `question_answer` DISABLE KEYS */;
INSERT INTO `question_answer` VALUES (1,'False',1,1),(2,'True',0,1),(3,'Obeying the law, Taking responsibility for oneself and one\'s family, serving on a jury, voting in elections, helping others in the community, protecting and enjoying our heritage and environment.',1,2),(4,'Obeying the law, stay informed of issues affecting your community, two year military service, voting in elections, helping others in the community, protecting and enjoying our heritage and environment.',0,2),(5,'Support and defend the Constitution, Taking responsibility for oneself and one\'s family, serving on a jury, voting in elections, compulsory 50-hours community service, Defend the country if the need should arise.',0,2),(6,'Support and defend the Constitution, stay informed of issues affecting your community, participate in the democratic process, pay income and other taxes honestly, respect the rights and beliefs of others, obey federal/provincial/local laws.',0,2),(7,'Descendants of French colonists who began setting in Maritime provinces in 1604.',1,3),(8,'Descendants of English colonists who travelled with John Cabot.',0,3),(9,'Canadian aboriginals who were forced out of Quebec City area by the French.',0,3),(10,'Saskatchewan and Manitoba residents who rebelled against the Canadian government.',0,3),(11,'True',1,4),(12,'False',0,4),(13,'A fundamental characteristic of the Canadian heritage and identity.  Canadians celebrate the gift of one another\'s presence and work hard to respect pluralism and live in harmony.',1,5),(14,'The right to marry anyone you wish regardless of culture/race/origin.',0,5),(15,'The rule that prefers community life and collective goods over individual rights and liberties.',0,5),(16,'A rule that ensures second-generation immigrants have access to equal jobs/pay.',0,5),(17,'French and English have equal status in Parliament and throughout the government.',1,6),(18,'Federal service centres must provide service in English, French, Italian, German.',0,6),(19,'French language in mandatory in every school until Grade 9.',0,6),(20,'French and English must recieve equal funding in schools.',0,6),(21,'The right to challenge unlawful detention by the state.',1,7),(22,'The right to pass all assets to family on death.',0,7),(23,'The right to peacefully protest.',0,7),(24,'The right to challenge your tax assessment, and have it recalculated.',0,7),(25,'Freedom of conscience and religion; freedom of thought, belief, opinion, and expression; freedom of peaceful assembly; freedom of association.',1,8),(26,'Freedom of Speech; freedom of religion; freedom of assembly; right to bear arms.',0,8),(27,'Freedom of Religion; freedom of the press; freedom of property ownership; freedom to marry, and raise a family.',0,8),(28,'Freedm to live or travel anywhere in our nation; freedm to work at any job for which we can qualify; freedom to receive a free education in good public schools; freedom to join a political party.',0,8),(29,'Federal parliament; provincial legislatures; english common law; civil code of France; unwritten constitution that we have inherited from Great Britain',1,9),(30,'Federal parliament; provincial legislatures; municiple by-laws; civil code of England',0,9),(31,'Federal parliament; provincial legislatures; United States case law; unwritten constitution of North America',0,9),(32,'British constitution; French constitution; Federal parliament, United States case law',0,9),(33,'Magna Carta is a charter of freedoms agreed to by King John of England in 1215.',1,10),(34,'Magna Carta is the first Canadian constitution agreed to by the founding 4 provinces in 1867.',0,10),(35,'Magna Carta is an aboriginal rights document created by John Buchan in 1940.',0,10),(36,'Magna Carta was the French surrender document created by Marquis de Montcalm in 1759.',0,10),(37,'Catholic',1,11),(38,'Muslim',0,11),(39,'Jewish',0,11),(40,'Scientology',0,11),(41,'7 million',1,12),(42,'5 million',0,12),(43,'13 million',0,12),(44,'18 million',0,12),(45,'18 million',1,13),(46,'14 million',0,13),(47,'9 million',0,13),(48,'7 million',0,13),(49,'True',1,14),(50,'False',0,14),(51,'False',1,15),(52,'True',0,15),(53,'True',1,16),(54,'False',0,16),(55,'False',1,17),(56,'True',0,17),(57,'A popular Governor General of Canada (1935-1940).',1,18),(58,'Discovered Canada for the English in 1607.',0,18),(59,'Led the Saskatchewan/Manitoba revolts (1870-1885).',0,18),(60,'The first prime minister of Canada (1815).',0,18),(61,'65% First Nations, 30% Metis, 4% Inuit',1,19),(62,'60% First Nations, 30% Metis, 9% Inuit',0,19),(63,'50% Metis, 45% First Nations, 5% Inuit',0,19),(64,'45% Inuit, 35% Metis, 20% First Nations',0,19),(65,'First Nations, Inuit, Metis',1,20),(66,'Inuit, Metis, Cherokee',0,20),(67,'Mohawk, First Nations, Inuit',0,20),(68,'Mohawk, Cherokee, Huron',0,20),(69,'2008',1,21),(70,'2002',0,21),(71,'1987',0,21),(72,'1992',0,21),(73,'Placed them in residential schools to educate and assimilate them into Canadian culture.  The schools were poorly funded and inflicted hardship.',1,22),(74,'Took the children from their parents and placed them in social services.',0,22),(75,'Deported the children to Europe.',0,22),(76,'Refused to educate them in public schools.',0,22),(77,'King George III (1763)',1,23),(78,'Queen Victoria (1837)',0,23),(79,'Elizabeth II (1952)',0,23),(80,'John A. Macdonald (1867)',0,23),(81,'True',1,24),(82,'False',0,24),(83,'Aboriginal, French and British.',1,25),(84,'Aboriginal, French and American.',0,25),(85,'French, British and American.',0,25),(86,'French, British, Italian.',0,25),(87,'False',1,26),(88,'True',0,26),(89,'True',1,27),(90,'False',0,27),(91,'The British North America Act',1,28),(92,'The Canadian Constitution',0,28),(93,'The British Colony Act',0,28),(94,'Canadian Bill of Rights',0,28),(95,'June 6th, 1944',1,29),(96,'October 18th, 1918',0,29),(97,'April 13th, 1941',0,29),(98,'July 27th, 1937',0,29),(99,'Juno Beach',1,30),(100,'Utah Beach',0,30),(101,'Pointe du Hoc',0,30),(102,'Omaha Beach',0,30),(103,'More than one million served, 44,000 were killed.',1,31),(104,'650,000 served, 81,000 were killed.',0,31),(105,'Less than one million served, 19,000 were killed.',0,31),(106,'980,000 served, 129,000 were killed.',0,31),(107,'Colonel John McCrae',1,32),(108,'Lois Reil',0,32),(109,'General John Cabot',0,32),(110,'Lieutenant William Mackenzie',0,32),(111,'A key architect of Canada confederation.',1,33),(112,'Discovered Canada for the French.',0,33),(113,'Led the Saskatchewan/Manitoba revolts (1870-1885).',0,33),(114,'French leader in the Battle of the Plains.',0,33),(115,'Louis Riel',1,34),(116,'Augustus F. Goodridge',0,34),(117,'Wilfrid Laurier',0,34),(118,'Jim Egan',0,34),(119,'Manitoba/Saskatchewan',1,35),(120,'Alberta/Manitoba',0,35),(121,'Ontario/Quebec',0,35),(122,'Nova Scotia/New Brunswick',0,35),(123,'Ontario, Quebec, Nova Scotia, New Brunswick.',1,36),(124,'Nova Scotia, New Brunswick, Saskatchewan, Manitoba.',0,36),(125,'Ontario, Quebec, Saskatchewan, Manitoba.',0,36),(126,'British Columbia, Alberta, Saskatchewan, Manitoba.',0,36),(127,'July 1st, 1867',1,37),(128,'July 1st, 1897',0,37),(129,'June 1st, 1812',0,37),(130,'August 1st, 1792',0,37),(131,'USA invaded Canada because they were upset with the British Empire.',1,38),(132,'British and French battled for control over North America.',0,38),(133,'Aboriginal People fought back against British rule.',0,38),(134,'Canada invaded the United States to increase their territory size.',0,38),(135,'Pierre de Monts, Samuel de Champlain',1,39),(136,'Jacques Cartier, Pierre de Monts',0,39),(137,'Samuel de Champlain, Louis Jolliet',0,39),(138,'Jean Nicolet, Luis Hennepin',0,39),(139,'Quebec City',1,40),(140,'York',0,40),(141,'Halifax',0,40),(142,'Fort Saint Pierre',0,40),(143,'Jacques Cartier',1,41),(144,'Samuel de Champlain',0,41),(145,'Jean-Louis Etienne',0,41),(146,'Jean Ribault',0,41),(147,'1534',1,42),(148,'1608',0,42),(149,'1712',0,42),(150,'1482',0,42),(151,'John Cabot',1,43),(152,'Henry Hudson',0,43),(153,'Sir Walter Raleigh',0,43),(154,'Robert Falcon Scott',0,43),(155,'1497',1,44),(156,'1502',0,44),(157,'1618',0,44),(158,'1465',0,44),(159,'1918',1,45),(160,'1914',0,45),(161,'1932',0,45),(162,'1929',0,45),(163,'1947',1,46),(164,'1945',0,46),(165,'1952',0,46),(166,'1912',0,46),(167,'1940',1,47),(168,'1936',0,47),(169,'1928',0,47),(170,'1922',0,47),(171,'An era of rapid change in the 1960s, where Quebecers sought to separate from Canada.',1,48),(172,'Saskatchewan and Manitoba rebelled to leave Canada (1870, 1885).',0,48),(173,'Atlantic provinces attempted to realign with the French after it was defeated in the Battle of the Plains.',0,48),(174,'Canadians protested the Federal Governments treatment of Aboriginals.',0,48),(175,'1980, 1995',1,49),(176,'1975, 1980',0,49),(177,'1992, 1996',0,49),(178,'1984, 1988',0,49),(179,'33%',1,50),(180,'20%',0,50),(181,'40%',0,50),(182,'17%',0,50),(183,'1960',1,51),(184,'1918',0,51),(185,'1945',0,51),(186,'1972',0,51),(187,'50,000',1,52),(188,'100,000',0,52),(189,'8,000',0,52),(190,'12,000',0,52),(191,'A group of famous Canadian landscape painters.',1,53),(192,'The first seven provinces to join Canada',0,53),(193,'The top seven restaurants in Canada',0,53),(194,'A famous Canadian music group with a focus on heritage music.',0,53),(195,'James Naismith',1,54),(196,'Donovan Bailey',0,54),(197,'Mark Tewksbury',0,54),(198,'Paul Henderson',0,54),(199,'1996',1,55),(200,'2000',0,55),(201,'1992',0,55),(202,'2004',0,55),(203,'World champion wheelchair racer and Paralympic gold medlist.',1,56),(204,'Member of the 1992 woman\'s Gold medal hockey team.',0,56),(205,'World champion swimmer and Olympic gold medalist.',0,56),(206,'Top ranked world curler, and 3 time Olympic gold medalist.',0,56),(207,'A British Columbian who lost his right leg to cancer.  He began a cross-country run, the \"Marathon of Hope\", to raise money for cancer research.',1,57),(208,'The third Canadian prime minister, who passed gender equality rights into law.',0,57),(209,'A world record sprinter and double Olympic gold medallist.',0,57),(210,'Invented the first electric light bulb and later sold the patent to Thomas Edison.',0,57),(211,'1980',1,58),(212,'1976',0,58),(213,'1984',0,58),(214,'1988',0,58),(215,'False',1,59),(216,'True',0,59),(217,'Alexander Graham Bell',1,60),(218,'Joseph-Armand Bombardier',0,60),(219,'Sir Sandford Fleming',0,60),(220,'Henry Woodward',0,60),(221,'Joseph-Armand Bombardier',1,61),(222,'Reginald Fessenden',0,61),(223,'Mike Lazaridis',0,61),(224,'Jim Balsillie',0,61),(225,'Sir Sandford Fleming',1,62),(226,'Mathew Evans',0,62),(227,'Reginald Fessenden',0,62),(228,'Dr. Wilder Penfield',0,62),(229,'Mathew Evans and Henry Woodward',1,63),(230,'Dr. Wilder Penfield',0,63),(231,'Mike Lazaridis and Jim Balsillie',0,63),(232,'Reginald Fessenden',0,63),(233,'Sir Frederick Banting',1,64),(234,'Dr. John A. Hopps',0,64),(235,'Dr. Wilder Penfield',0,64),(236,'Sir Sandford Fleming',0,64),(237,'Reginald Fessenden',1,65),(238,'Paul Henderson',0,65),(239,'Mark Tewksubry',0,65),(240,'Rick Hansen',0,65),(241,'Olympic gold medallist and prominent activist for gay and lesbian Canadians.',1,66),(242,'Scored the winning goal for Canada in the 1972 Canada-Soviet Summit Series.',0,66),(243,'Circled the globe in a wheelchair to raise funds for spinal cord research.',0,66),(244,'Invented the first cardiac pacemaker.',0,66),(245,'Dr. Wilder Penfield',1,67),(246,'Dr. John A. Hopps',0,67),(247,'Mike Lazaridis',0,67),(248,'Joseph-Armand Bombardier',0,67),(249,'Dr. John A. Hopps',1,68),(250,'Dr. Pauline Johnson',0,68),(251,'Emile Nelligan',0,68),(252,'Robertson Davies',0,68),(253,'Mike Lazaridis and Jim Balsillie',1,69),(254,'Healey Willan and Charles Roberts',0,69),(255,'Michael Ondaatje and Rohinton Mistry',0,69),(256,'Chantal Petitclerc and Paul Henderson',0,69),(257,'Our country is a federal state, a parliamentary democracy and a constitutional monarchy.',1,70),(258,'Our country is a federal state, a parlimentary republic, and a direct democracy.',0,70),(259,'Our country is a local state, with communist leaning, and has a direct link to the British monarchy.',0,70),(260,'Our country started as a dictatorship, transitioned to a monarchy, and finished as a representative democracy.',0,70),(261,'Federal, provincial, and territorial/municipal government.',1,71),(262,'Federal, state, and municipal government.',0,71),(263,'Federal, territorial, state government.',0,71),(264,'Federal and local government.',0,71),(265,'Allows different provinces to adopt policies tailored to their own populations, and gives provinces the flexibility to experiment with new ideas/policies.',1,72),(266,'The federal government has final decision making authority on all policies.',0,72),(267,'Federalism gives the Federal government an equal vote in all provincial policy votes.',0,72),(268,'Federalism comes from the initial British Federation rule.  It allows the British monarchy to influence Canadian policy decisions.',0,72),(269,'1867 in the British North America Act.',1,73),(270,'1918 in the Brest-Litovsk treaty.',0,73),(271,'1759 in the Battle of the Plains surrender treaty.',0,73),(272,'1879 in the Constitution Act.',0,73),(273,'Defense, foreign policy, interprovincial trade/communications, currency, navigation, criminal law and citizenship.',1,74),(274,'Defense, foreign policy, education, currency, navigation, criminal law and citizenship.',0,74),(275,'Foreign policy, interprovincial trade/communications, health, criminal law and citizenship.',0,74),(276,'Education, foreign policy, highways, civil rights, criminal law and citizenship.',0,74),(277,'Municipal government, education, health, natural resources property and civil rights, and highways.',1,75),(278,'Foreign policy, education, health, criminal law, and highways.',0,75),(279,'Municipal government, defence, health, natural resources property and civil rights, and highways.',0,75),(280,'Municipal government, education, currency, and highways.',0,75),(281,'Agriculture and immigration.',1,76),(282,'Agriculture and education.',0,76),(283,'Education and criminal law.',0,76),(284,'Highways and defense.',0,76),(285,'True',1,77),(286,'False',0,77),(287,'False',1,78),(288,'True',0,78),(289,'True',1,79),(290,'False',0,79),(291,'Passing laws, approving and monitoring expenditures, and keeping the government accountable.',1,80),(292,'Passing laws, managing the military, and directing education curriculum.',0,80),(293,'Approving and monitoring expenditures, keeping the government accountable, and overseeing aggriculture reform.',0,80),(294,'Managing the military, overseeing foreign affairs, appointing municipal leaders.',0,80),(295,'The Sovereign, the Senate and the House of Commons',1,81),(296,'The Senate, the legislature, and the monarchy',0,81),(297,'The Sovereign, the House of Bills, and the municipal representatives',0,81),(298,'The Executive, the Legislative, and Judicial',0,81),(299,'True',1,82),(300,'False',0,82),(301,'False',1,83),(302,'True',0,83),(303,'They must resign.',1,84),(304,'They must rewrite the offending bill.',0,84),(305,'They are suspended for 90 days.',0,84),(306,'Cabinet ministers do not have non-confidence votes.',0,84),(307,'Governor General',1,85),(308,'Public Vote',0,85),(309,'Prime Minister',0,85),(310,'Opposition Party Leader',0,85),(311,'75',1,86),(312,'65',0,86),(313,'50',0,86),(314,'60',0,86),(315,'First Reading, Second Reading, Committee Stage, Report Stage, Third Reading, Senate, Royal Assent.',1,87),(316,'First Reading, Committee Stage, Report Stage, Second Reading, Senate, Royal Assent.',0,87),(317,'First Reading, Second Reading, Third Reading, Senate, Royal Assent.',0,87),(318,'First Reading, Committee Stage, Report Stage, Senate, Royal Assent.',0,87),(319,'True',1,88),(320,'False',0,88),(321,'The Sovereign',1,89),(322,'Prime Minister',0,89),(323,'Governor General',0,89),(324,'Senate',0,89),(325,'Prime Minister',1,90),(326,'The Sovereign',0,90),(327,'Senate',0,90),(328,'Governor General',0,90),(329,'Fifty-three nations linked through the Sovereign that cooperate to advance social, economic, and cultural progress.',1,91),(330,'Treaty between Canada, United States, and Britain.',0,91),(331,'The constitutional rule that ensures wealth is spread amongst all Canadians.',0,91),(332,'The trinity of Prime Minister, the Sovereign, and the Senate.',0,91),(333,'The Sovereign',1,92),(334,'Prime Minister',0,92),(335,'Senate',0,92),(336,'General election',0,92),(337,'False',1,93),(338,'True',0,93),(339,'Governor General',1,94),(340,'Prime Minister',0,94),(341,'The Sovereign',0,94),(342,'Senate',0,94),(343,'9',1,95),(344,'7',0,95),(345,'5',0,95),(346,'11',0,95),(347,'Governor General',1,96),(348,'Prime Minister',0,96),(349,'Senate',0,96),(350,'Provincial Leaders',0,96),(351,'Executive, Legislative, and Judicial',1,97),(352,'Executive, Legislative, Provincial',0,97),(353,'Legislative, Judicial, Supreme Court',0,97),(354,'Judicial, Sovereign, Congress',0,97),(355,'The third Monday in October every four years.',1,98),(356,'The first Monday in October every three years.',0,98),(357,'The last Monday in October every five years.',0,98),(358,'The last Thursday in September every four years.',0,98),(359,'A Canadian citizen, at least 18 years old on voting day, and on the voters list.',1,99),(360,'A Canadian citizen, and at least 18 years old on voting day.',0,99),(361,'A permanent resident, at least 18 years old on voting day, and on the voters list.',0,99),(362,'A Canadian citizen, at least 19 years old on voting day, and on the voters list.',0,99),(363,'Elections Canada',1,100),(364,'Parliment',0,100),(365,'Government Canada Elections',0,100),(366,'National Register of Elections',0,100),(367,'308',1,101),(368,'172',0,101),(369,'216',0,101),(370,'259',0,101),(371,'True',1,102),(372,'False',0,102),(373,'False',1,103),(374,'True',0,103),(375,'True',1,104),(376,'False',0,104),(377,'18',1,105),(378,'19',0,105),(379,'21',0,105),(380,'16',0,105),(381,'House of Commons',1,106),(382,'Senate',0,106),(383,'Provincial Legislature',0,106),(384,'Supreme Court',0,106),(385,'False',1,107),(386,'True',0,107),(387,'True',1,108),(388,'False',0,108),(389,'The leader of the political part with the most seats in the House of Commons.',1,109),(390,'Separate vote after the seats in the House of Commons are decided.',0,109),(391,'The Governor General picks the leader of the party that best represents the Sovereign.',0,109),(392,'The 3 major political parties take turns.',0,109),(393,'Majority government',1,110),(394,'Minority government',0,110),(395,'Responsible government',0,110),(396,'Superior government',0,110),(397,'Minority Government',1,111),(398,'Majority Government',0,111),(399,'Responsible Government',0,111),(400,'Combination Government',0,111),(401,'True',1,112),(402,'False',0,112),(403,'The Liberal Party, the Conservative Party, and the New Democratic Party',1,113),(404,'The Liberal Party, the Republicans, and the Democrats',0,113),(405,'Bloc Quebecois, the Green Party, and the Communist Party of Canada',0,113),(406,'New Democratic Party, Alliance of the North, and the Libertarian Party of Canada',0,113),(407,'True',1,114),(408,'False',0,114),(409,'Be the opposition party with the most members in the house of commons.',1,115),(410,'Voted on after the general election.',0,115),(411,'The Prime Minister decides it.',0,115),(412,'The Governor General picks the Official Opposition.',0,115),(413,'False',1,116),(414,'True',0,116),(415,'True',1,117),(416,'False',0,117),(417,'Local laws passed by municipal governments that affect only local communities.',1,118),(418,'Federal laws that override provincially passed laws.',0,118),(419,'Laws that are supported by both the Prime Minister and the official Opposition Party.',0,118),(420,'Federal laws that have been vetoed by the Prime Minister.',0,118),(421,'Urban planning, streets/roads, sanitation, snow removal, firefighting, emergency services, etc.',1,119),(422,'National defense, foreign policy, citizenship, policing, criminal Justice, international trade.',0,119),(423,'Education, health care, natural resources, highways, property and civil rights, agriculture.',0,119),(424,'Immigration, citizenship, highways, health care, education, policing.',0,119),(425,'Julie Payette',1,120),(426,'Justin Trudeau',0,120),(427,'David Johnston',0,120),(428,'Vincent Massey',0,120),(429,'Justin Trudeau',1,121),(430,'Stephen Harper',0,121),(431,'Paul Martin',0,121),(432,'Jean Chretien',0,121),(433,'Liberals',1,122),(434,'Progressive Conservatives',0,122),(435,'New Democratic Party',0,122),(436,'Green Party',0,122),(437,'Andrew Sheer',1,123),(438,'Rona Ambrose',0,123),(439,'Thomas Mulcair',0,123),(440,'Nycole Turmel',0,123),(441,'Conservative Party',1,124),(442,'Liberal Party',0,124),(443,'New Democratic Party',0,124),(444,'Green Party',0,124),(445,'Iqra Khalid',1,125),(446,'Zaid Aboultaif',0,125),(447,'Dan Albas',0,125),(448,'Harold Albrecht',0,125),(449,'Mississauga--Erin Mills',1,126),(450,'Mississauga',0,126),(451,'Mississauga/Brampton',0,126),(452,'Mississauga--Cooksville',0,126),(453,'Elizabeth Dowdeswell',1,127),(454,'Henry William Stisted',0,127),(455,'Lincoln Alexander',0,127),(456,'Edward Matthews',0,127),(457,'Doug Ford',1,128),(458,'Kathleen Wynne',0,128),(459,'Dalton McGuinty',0,128),(460,'Ernie Eves',0,128),(461,'Bonnie Crombie',1,129),(462,'Hazel McCallion',0,129),(463,'Linda Jeffrey',0,129),(464,'Carolyn Parrish',0,129),(465,'Progressive Conservative Party of Ontario',1,130),(466,'Ontario New Democratic Party',0,130),(467,'Green Party',0,130),(468,'Ontario Liberal Party',0,130),(469,'Ontario New Democratic Party',1,131),(470,'Ontario Liberal Party',0,131),(471,'Green Party',0,131),(472,'Progressive Conservative Party of Ontario',0,131),(473,'Everyone is innocent until proven guilty.',1,132),(474,'Defendents have 30 days to prove their innocence.',0,132),(475,'Everyone has the right to an attorney.',0,132),(476,'Defendents are entitled to have someone speak on their behalf.',0,132),(477,'The government must respect all of the legal rights a person is entitled to under the law.',1,133),(478,'The defendent must post bail before their trial can proceed.',0,133),(479,'The defendent must be processed within 60 days of being arrested.',0,133),(480,'The defendent should be read their rights on arrest.',0,133),(481,'True',1,134),(482,'False',0,134),(483,'False',1,135),(484,'True',0,135),(485,'False',1,136),(486,'True',0,136),(487,'Supreme Court of Canda',1,137),(488,'Federal Court',0,137),(489,'Provincial Court',0,137),(490,'Family Court',0,137),(491,'False',1,138),(492,'True',0,138),(493,'True',1,139),(494,'False',0,139),(495,'Enforce federal laws throughout Canada, and serve as provincial police in all provinces except (Ontario and Quebec).',1,140),(496,'Enforce federal laws through Canada, and serve as provincial police in all provinces.',0,140),(497,'Serves as a police force only in Western Canada and the Northern Territories.',0,140),(498,'The RCMP serves no role, it was disbanded in 2002.',0,140),(499,'True',1,141),(500,'False',0,141),(501,'1952',1,142),(502,'1972',0,142),(503,'1963',0,142),(504,'1981',0,142),(505,'True',1,143),(506,'False',0,143),(507,'False',1,144),(508,'True',0,144),(509,'100 years',1,145),(510,'50 years',0,145),(511,'75 years',0,145),(512,'25 years',0,145),(513,'1965',1,146),(514,'1945',0,146),(515,'1952',0,146),(516,'1959',0,146),(517,'Royal Military College',1,147),(518,'The Sovereign',0,147),(519,'Nationwide contest',0,147),(520,'Anonymous Submission',0,147),(521,'1700s',1,148),(522,'1800s',0,148),(523,'1600s',0,148),(524,'1900s',0,148),(525,'1850s',1,149),(526,'1800s',0,149),(527,'1900s',0,149),(528,'1950s',0,149),(529,'True',1,150),(530,'False',0,150),(531,'Lily',1,151),(532,'Rose',0,151),(533,'Carnation',0,151),(534,'Alyssum',0,151),(535,'A symbol of French royalty for more than a thousand years, including the colony of New France.',1,152),(536,'A symbol of the English conquering the French in 1784.',0,152),(537,'French freedom against English oppression.',0,152),(538,'Canada\'s defense against the United States invasion in 1812.',0,152),(539,'True',1,153),(540,'False',0,153),(541,'The first national flag.',1,154),(542,'A rank in the Canadian military.',0,154),(543,'A poem celebrating Canada\'s contribution in World War 2.',0,154),(544,'The highest honour available to Canadians and is awarded for the most conspicuous bravery, a daring or pre-eminent act of valour or self-sacrifice, or extreme devotion to duty in the presence of the enemy.',0,154),(545,'From sea to sea',1,155),(546,'The true North strong and free',0,155),(547,'Our hearts will be free',0,155),(548,'We stand on guard for thee',0,155),(549,'After World War I',1,156),(550,'After World War II',0,156),(551,'After Confederation',0,156),(552,'After the War of 1812',0,156),(553,'False',1,157),(554,'True',0,157),(555,'True',1,158),(556,'False',0,158),(557,'Gothic Revival',1,159),(558,'Colonial',0,159),(559,'Neoclassical',0,159),(560,'Ancient Americas',0,159),(561,'1860s',1,160),(562,'1880s',0,160),(563,'1910s',0,160),(564,'1930s',0,160),(565,'1916',1,161),(566,'1920',0,161),(567,'1904',0,161),(568,'1982',0,161),(569,'1922',1,162),(570,'1938',0,162),(571,'1902',0,162),(572,'1889',0,162),(573,'The Library',1,163),(574,'Senate Chambers',0,163),(575,'Commons Chambers',0,163),(576,'Peace Tower',0,163),(577,'World War I',1,164),(578,'World War II',0,164),(579,'The War of 1812',0,164),(580,'The Battle of the Plains',0,164),(581,'The names of soldiers, sailors and airmen who died serving Canada in wars or while on duty.',1,165),(582,'The date of Confederation, and the dates each province joined Canada.',0,165),(583,'The names of every Canadian Prime Minister.',0,165),(584,'The names of each elected MP.',0,165),(585,'French Second Empire',1,166),(586,'Gothic',0,166),(587,'Romanesque',0,166),(588,'Baroque',0,166),(589,'Hockey',1,167),(590,'Curling',0,167),(591,'Downhill Skiing',0,167),(592,'Cross-country Skiing',0,167),(593,'1800s',1,168),(594,'1700s',0,168),(595,'1900s',0,168),(596,'1600s',0,168),(597,'The Stanley Cup',1,169),(598,'The Larry Obrien Trophy',0,169),(599,'The National Cup',0,169),(600,'The Pierre Trudeau Cup',0,169),(601,'Lord Stanley (Governor General in 1982)',1,170),(602,'Pierre Trudeau (Prime Minister in 1980)',0,170),(603,'Romeo LeBlanc (Governor General in 1995)',0,170),(604,'Edward Schreyer (Governor General in 1979)',0,170),(605,'Championship trophy for women\'s hockey.',1,171),(606,'Championship trophy for Canadian tennis.',0,171),(607,'Championship trophy for curling.',0,171),(608,'Most sportsmanlike award in baseball.',0,171),(609,'Scottish pioneers',1,172),(610,'English colonists',0,172),(611,'French colonists',0,172),(612,'Swedish immigrants',0,172),(613,'Canadian Aboriginals',1,173),(614,'French',0,173),(615,'English',0,173),(616,'Chinese',0,173),(617,'Soccer',1,174),(618,'Baseball',0,174),(619,'Basketball',0,174),(620,'Hockey',0,174),(621,'True',1,175),(622,'False',0,175),(623,'False',1,176),(624,'True',0,176),(625,'Nickel',1,177),(626,'Dime',0,177),(627,'Loonie',0,177),(628,'Toonie',0,177),(629,'True',1,178),(630,'False',0,178),(631,'False',1,179),(632,'True',0,179),(633,'St. Jean Baptiste Society',1,180),(634,'English Colonists',0,180),(635,'Loyalists fleeing from the USA',0,180),(636,'Aboriginals',0,180),(637,'1969',1,181),(638,'1982',0,181),(639,'1955',0,181),(640,'1959',0,181),(641,'1980',1,182),(642,'1975',0,182),(643,'1985',0,182),(644,'1990',0,182),(645,'1880',1,183),(646,'1870',0,183),(647,'1860',0,183),(648,'1840',0,183),(649,'Quebec City',1,184),(650,'Toronto',0,184),(651,'Ottawa',0,184),(652,'Pickering',0,184),(653,'True',1,185),(654,'False',0,185),(655,'God Save the Queen',1,186),(656,'The Sovereign Protects Us',0,186),(657,'Honour the Sovereign',0,186),(658,'We stand together',0,186),(659,'True',1,187),(660,'False',0,187),(661,'False',1,188),(662,'True',0,188),(663,'96',1,189),(664,'82',0,189),(665,'37',0,189),(666,'51',0,189),(667,'Lieutenant Hans Cardinal',1,190),(668,'Lieutenant Alexander Roberts Dunn',0,190),(669,'Captain Billy Bishop',0,190),(670,'Corporal Filip Konowal',0,190),(671,'Served in the British Army in the Charge of the Light Brigade at Balaclava (1854) in the Crimean War, and was the first Canadian to be awarded the Victoria Cross.',1,191),(672,'Was the first black man to be awarded the V.C. for his role in the Siege of Lucknow during the Indian Rebellion of 1857.',0,191),(673,'Showed exceptional courage in the Battle of Hill 70 in 1917, and became the first member of the Canadian Corps not born in the British Empire to be awarded the Victoria Cross.',0,191),(674,'Earned the Victoria Cross in the Royal Flying Corps during the First World War, and was later an honorary Air Marshal of the Royal Canadian Air Force.',0,191),(675,'Was the first black man to be awarded the V.C. for his role in the Siege of Lucknow during the Indian Rebellion of 1857.',1,192),(676,'Showed exceptional courage in the Battle of Hill 70 in 1917, and became the first member of the Canadian Corps not born in the British Empire to be awarded the Victoria Cross.',0,192),(677,'Earned the Victoria Cross in the Royal Flying Corps during the First World War, and was later an honorary Air Marshal of the Royal Canadian Air Force.',0,192),(678,'Was killed while bombing and sinking a Japanese warship in August 1945, a few days before the end of the Second World War, and was the last Canadian to receive the Victoria to date.',0,192),(679,'Showed exceptional courage in the Battle of Hill 70 in 1917, and became the first member of the Canadian Corps not born in the British Empire to be awarded the Victoria Cross.',1,193),(680,'Was the first black man to be awarded the V.C. for his role in the Siege of Lucknow during the Indian Rebellion of 1857.',0,193),(681,'Served in the British Army in the Charge of the Light Brigade at Balaclava (1854) in the Crimean War, and was the first Canadian to be awarded the Victoria Cross.',0,193),(682,'Earned the Victoria Cross in the Royal Flying Corps during the First World War, and was later an honorary Air Marshal of the Royal Canadian Air Force.',0,193),(683,'Earned the Victoria Cross in the Royal Flying Corps during the First World War, and was later an honorary Air Marshal of the Royal Canadian Air Force.',1,194),(684,'Led his men and a handful of tanks in the attack on Casa Berardi in Italy in 1943 during the Second World War, and was later a Brigadier.',0,194),(685,'Was killed while bombing and sinking a Japanese warship in August 1945, a few days before the end of the Second World War, and was the last Canadian to receive the Victoria to date.',0,194),(686,'Showed exceptional courage in the Battle of Hill 70 in 1917, and became the first member of the Canadian Corps not born in the British Empire to be awarded the Victoria Cross.',0,194),(687,'Led his men and a handful of tanks in the attack on Casa Berardi in Italy in 1943 during the Second World War, and was later a Brigadier.',1,195),(688,'Served in the British Army in the Charge of the Light Brigade at Balaclava (1854) in the Crimean War, and was the first Canadian to be awarded the Victoria Cross.',0,195),(689,'Was the first black man to be awarded the V.C. for his role in the Siege of Lucknow during the Indian Rebellion of 1857.',0,195),(690,'Showed exceptional courage in the Battle of Hill 70 in 1917, and became the first member of the Canadian Corps not born in the British Empire to be awarded the Victoria Cross.',0,195),(691,'Was killed while bombing and sinking a Japanese warship in August 1945, a few days before the end of the Second World War, and was the last Canadian to receive the Victoria to date.',1,196),(692,'Led his men and a handful of tanks in the attack on Casa Berardi in Italy in 1943 during the Second World War, and was later a Brigadier.',0,196),(693,'Earned the Victoria Cross in the Royal Flying Corps during the First World War, and was later an honorary Air Marshal of the Royal Canadian Air Force.',0,196),(694,'Was the first black man to be awarded the Victoria Cross for his role in the Siege of Lucknow during the Indian Rebellion of 1857.',0,196),(695,'Lieutenant Robert Hampton Gray',1,197),(696,'Captain Paul Triquet',0,197),(697,'Captain Billy Bishop',0,197),(698,'Lieutenant Alexander Roberts Dunn',0,197),(699,'January 11',1,198),(700,'January 23',0,198),(701,'February 12',0,198),(702,'February 27',0,198),(703,'April 9',1,199),(704,'July 10',0,199),(705,'November 20',0,199),(706,'May 11',0,199),(707,'Monday preceding May 25th',1,200),(708,'Monday preceding May 13th',0,200),(709,'Monday preceding May 30th',0,200),(710,'Monday preceding May 12th',0,200),(711,'June 24',1,201),(712,'July 24',0,201),(713,'August 24',0,201),(714,'June 13',0,201),(715,'November 11',1,202),(716,'November 20',0,202),(717,'November 23',0,202),(718,'November 5',0,202),(719,'November 20',1,203),(720,'November 11',0,203),(721,'November 13',0,203),(722,'November 23',0,203),(723,'1988',1,204),(724,'1984',0,204),(725,'1992',0,204),(726,'1996',0,204),(727,'1994',1,205),(728,'1988',0,205),(729,'1992',0,205),(730,'1996',0,205),(731,'North America Free Trade Agreement (NAFTA)',1,206),(732,'Americas Free Trade Agreement (AFTA)',0,206),(733,'Economic Community of American States (ECAS)',0,206),(734,'Region Comprehensive Economic Partnership (RCEP)',0,206),(735,'False',1,207),(736,'True',0,207),(737,'True',1,208),(738,'False',0,208),(739,'True',1,209),(740,'False',0,209),(741,'Canada, United States, Germany, the United Kingdom, Italy, France, Japan, Russia.',1,210),(742,'Canada, United States, Germany, Belgium, Italy, France, Japan, Russia.',0,210),(743,'Canada, United States, China, the United Kingdom, Italy, France, Japan, Russia.',0,210),(744,'Canada, United States, Germany, Turkey, Czech Republic, Brazil, Japan, Russia.',0,210),(745,'Service Industry, Manufacturing, Natural Resources',1,211),(746,'Construction, Manufacturing, Professional Services',0,211),(747,'Banking, Utilities, Manufacturing',0,211),(748,'Financial Services, Natural Resources, Research and Development',0,211),(749,'75%',1,212),(750,'50%',0,212),(751,'60%',0,212),(752,'62%',0,212),(753,'United States',1,213),(754,'Russia',0,213),(755,'China',0,213),(756,'Mexico',0,213),(757,'True',1,214),(758,'False',0,214),(759,'75%',1,215),(760,'60%',0,215),(761,'65%',0,215),(762,'55%',0,215),(763,'Canada/United States',1,216),(764,'Canada/Russia',0,216),(765,'Canada/Greenland',0,216),(766,'Canada/Mexico',0,216),(767,'Canada/United States close ties and common interests.',1,217),(768,'Monument to winning World War I',0,217),(769,'Monument to winning World War II',0,217),(770,'Statue representing Canada\'s victory in the war of 1812.',0,217),(771,'\"Children of a common mother\" and \"Brethren dwelling together in unity\"',1,218),(772,'\"Two nations stand united\" and \"Peace will last forever\"',0,218),(773,'\"Children of a common father\" and \"Two nations stand united\"',0,218),(774,'\"We will show the world the righteous path\"',0,218),(775,'Atlantic, Central, Prairie, West, Northern Territories',1,219),(776,'Atlantic, Central, South, Prairie, Northern Territories',0,219),(777,'East, West, Central, South, Northern Territories',0,219),(778,'East, West, Central, Arctic, Prairie',0,219),(779,'Ottawa',1,220),(780,'Toronto',0,220),(781,'Victoria',0,220),(782,'Quebec City',0,220),(783,'1857',1,221),(784,'1812',0,221),(785,'1914',0,221),(786,'1918',0,221),(787,'Queen Victoria',1,222),(788,'King George III',0,222),(789,'John A. Macdonald',0,222),(790,'Wilfrid Laurier',0,222),(791,'10 provinces, and 3 territories.',1,223),(792,'9 provinces, and 2 territories.',0,223),(793,'11 provinces, and 3 territories.',0,223),(794,'12 provinces, and 2 territories.',0,223),(795,'34 million',1,224),(796,'30 million',0,224),(797,'20 million',0,224),(798,'39 million',0,224),(799,'Newfoundland and Labrador, Prince Edward Island, Nova Scotia, and New Brunswick',1,225),(800,'Newfoundland and Labrador, Prince Edward Island, Halifax, and New Brunswick',0,225),(801,'Newfoundland and Labrador, Prince Edward Island, Nova Scotia, Quebec City, and New Brunswick',0,225),(802,'Fredericton, Prince Edward Island, Nova Scotia, and New Brunswick',0,225),(803,'Ontario and Quebec',1,226),(804,'Ontario, Quebec and Manitoba',0,226),(805,'Ontario, Quebec and New Brunswick',0,226),(806,'Ontario, Quebec and Winnipeg',0,226),(807,'Manitoba, Saskatchewan and Alberta',1,227),(808,'Manitoba, Winnipeg and Alberta',0,227),(809,'Edmonton, Regina and Winnipeg',0,227),(810,'Manitoba, Saskatchewan and Ontario',0,227),(811,'British Columbia',1,228),(812,'British Columbia and Alberta',0,228),(813,'British Columbia and Victoria',0,228),(814,'British Columbia and Nunavut',0,228),(815,'Nunavut, Northwest Territories and Yukon Territories',1,229),(816,'Iqaluit, Yellowknife and Whitehorse',0,229),(817,'Nunavut, Northwest Territories and Manitoba',0,229),(818,'Northwest Territories and Yukon Territories',0,229),(819,'St. John\'s',1,230),(820,'Charlottetown',0,230),(821,'Halifax',0,230),(822,'Fredericton',0,230),(823,'Charlottetown',1,231),(824,'Halifax',0,231),(825,'Fredericton',0,231),(826,'St. John\'s',0,231),(827,'Halifax',1,232),(828,'Fredericton',0,232),(829,'Charlottetown',0,232),(830,'St. John\'s',0,232),(831,'Fredericton',1,233),(832,'Halifax',0,233),(833,'Charlottetown',0,233),(834,'St. John\'s',0,233),(835,'Quebec City',1,234),(836,'Toronto',0,234),(837,'Fredericton',0,234),(838,'Charlottetown',0,234),(839,'Toronto',1,235),(840,'Quebec City',0,235),(841,'Winnipeg',0,235),(842,'Regina',0,235),(843,'Winnipeg',1,236),(844,'Regina',0,236),(845,'Edmonton',0,236),(846,'Victoria',0,236),(847,'Regina',1,237),(848,'Winnipeg',0,237),(849,'Edmonton',0,237),(850,'Victoria',0,237),(851,'Edmonton',1,238),(852,'Regina',0,238),(853,'Winnipeg',0,238),(854,'Victoria',0,238),(855,'Victoria',1,239),(856,'Winnipeg',0,239),(857,'Regina',0,239),(858,'Edmonton',0,239),(859,'Iqaluit',1,240),(860,'Yellowknife',0,240),(861,'Whitehorse',0,240),(862,'Victoria',0,240),(863,'Yellowknife',1,241),(864,'Whitehorse',0,241),(865,'Iqaluit',0,241),(866,'Victoria',0,241),(867,'Whitehorse',1,242),(868,'Yellowknife',0,242),(869,'Iqaluit',0,242),(870,'Victoria',0,242),(873,'Newfoundland and Labrador',1,244),(874,'Nova Scotia',0,244),(875,'Prince Edward Island',0,244),(876,'Nunavut',0,244),(877,'True',1,245),(878,'False',0,245),(879,'Newfoundland and Labrador',1,246),(880,'Ontario',0,246),(881,'Prince Edward Island',0,246),(882,'Nova Scotia',0,246),(883,'False',1,247),(884,'True',0,247),(885,'Off-shore oil and gas extraction',1,248),(886,'Manufacturing',0,248),(887,'Construction',0,248),(888,'Banking',0,248),(889,'Prince Edward Island',1,249),(890,'Nova Scotia',0,249),(891,'Nunavut',0,249),(892,'British Columbia',0,249),(893,'True',1,250),(894,'False',0,250),(895,'False',1,251),(896,'True',0,251),(897,'Prince Edward Island',1,252),(898,'Quebec',0,252),(899,'Ontario',0,252),(900,'Newfoundland and Labrador',0,252),(901,'Confederation Bridge',1,253),(902,'Peace Bridge',0,253),(903,'Montgomery Bridge',0,253),(904,'There are many bridges that connect P.E.I to Canada',0,253),(905,'Prince Edward Island',1,254),(906,'Nova Scotia',0,254),(907,'Newfoundland',0,254),(908,'Ontario',0,254),(909,'Lucy Maud Montgomery',1,255),(910,'Mike Lazaridis',0,255),(911,'Margaret Atwood',0,255),(912,'Alice Munro',0,255),(913,'Nova Scotia',1,256),(914,'New Brunswick',0,256),(915,'Newfoundland and Labrador',0,256),(916,'Prince Edward Island',0,256),(917,'Nova Scotia',1,257),(918,'New Brunswick',0,257),(919,'Northwest Territories',0,257),(920,'British Columbia',0,257),(921,'Halifax',1,258),(922,'Fredericton',0,258),(923,'Charlottetown',0,258),(924,'St. John\'s',0,258),(925,'False',1,259),(926,'True',0,259),(927,'True',1,260),(928,'False',0,260),(929,'True',1,261),(930,'False',0,261),(931,'Coal Mining, forestry and agriculture',1,262),(932,'Banking, insurance and construction',0,262),(933,'Oil and gas, mining and tourism',0,262),(934,'Professional services, health care and telecommunications',0,262),(935,'The United Empire Loyalists',1,263),(936,'The French Republic',0,263),(937,'Native Americans',0,263),(938,'The Metis',0,263),(939,'False',1,264),(940,'True',0,264),(941,'True',1,265),(942,'False',0,265),(943,'St John River system',1,266),(944,'Atlantic rivers',0,266),(945,'Acadian River system',0,266),(946,'Loyalist rivers',0,266),(947,'Forestry, agriculture, fisheries, mining and food processing.',1,267),(948,'Oil and gas, fisheries, banking and real estate.',0,267),(949,'Forestry, electronics manufacturing, process manufacturing and mining.',0,267),(950,'Mining, oil and gas, fisheries and financial services.',0,267),(951,'Moncton',1,268),(952,'St. Johns',0,268),(953,'Halifax',0,268),(954,'Charlottetown',0,268),(955,'33%',1,269),(956,'20%',0,269),(957,'10%',0,269),(958,'40%',0,269),(959,'> 50%',1,270),(960,'40%',0,270),(961,'45%',0,270),(962,'42%',0,270),(963,'Central Canada',1,271),(964,'Western Canada',0,271),(965,'The Prairies',0,271),(966,'Atlantic Canada',0,271),(967,'75%',1,272),(968,'50%',0,272),(969,'40%',0,272),(970,'35%',0,272),(971,'8 million',1,273),(972,'6 million',0,273),(973,'5 million',0,273),(974,'11 million',0,273),(975,'True',1,274),(976,'False',0,274),(977,'False',1,275),(978,'True',0,275),(979,'Quebec',1,276),(980,'Ontario',0,276),(981,'Nova Scotia',0,276),(982,'British Columbia',0,276),(983,'Quebec',1,277),(984,'Ontario',0,277),(985,'Saskatchewan',0,277),(986,'Manitoba',0,277),(987,'12 million',1,278),(988,'14 million',0,278),(989,'15 million',0,278),(990,'16 million',0,278),(991,'True',1,279),(992,'False',0,279),(993,'Toronto',1,280),(994,'Montreal',0,280),(995,'Victoria',0,280),(996,'Halifax',0,280),(997,'Ontario',1,281),(998,'Nova Scotia',0,281),(999,'New Brunswick',0,281),(1000,'Newfoundland and Labrador',0,281),(1001,'5',1,282),(1002,'3',0,282),(1003,'7',0,282),(1004,'6',0,282),(1005,'Lake Ontario, Lake Erie, Lake Huron, Lake Michigan and Lake Superior',1,283),(1006,'Lake Ontario, Lake Erie, Great Bear Lake, Lake Athabasca, Lake Superior',0,283),(1007,'Cree Lake, Lake Erie, Lake Huron, Cedar Lake and Lake Superior',0,283),(1008,'Napaktulik Lake, Lake Ontario, Lake Michigan, Lake Huron, and Aberdeen Lake',0,283),(1009,'Service and Manufacturing',1,284),(1010,'Banking and Service',0,284),(1011,'Construction and Manufacturing',0,284),(1012,'Oil/Gas and Tourism',0,284),(1013,'Lake Superior',1,285),(1014,'Lake Huron',0,285),(1015,'Lake Michigan',0,285),(1016,'Lake Ontario',0,285),(1017,'Prairies',1,286),(1018,'Central Canada',0,286),(1019,'Atlantic Canada',0,286),(1020,'Northern Territories',0,286),(1021,'Agriculture, mining and hydro-electric power generation',1,287),(1022,'Manufacturing, oil/gas and service industries',0,287),(1023,'Banking, insurance and financial services',0,287),(1024,'Agriculture, construction and gold',0,287),(1025,'Portage and Main',1,288),(1026,'Yonge and King',0,288),(1027,'Mission and Fletcher',0,288),(1028,'Haight and Ashbury',0,288),(1029,'14%',1,289),(1030,'17%',0,289),(1031,'21%',0,289),(1032,'22%',0,289),(1033,'Manitoba',1,290),(1034,'Alberta',0,290),(1035,'Ontario',0,290),(1036,'Quebec',0,290),(1037,'Saskatchewan',1,291),(1038,'Manitoba',0,291),(1039,'Alberta',0,291),(1040,'Northwest Territories',0,291),(1041,'Saskatchewan',1,292),(1042,'Alberta',0,292),(1043,'Manitoba',0,292),(1044,'British Columbia',0,292),(1045,'Saskatchewan',1,293),(1046,'Northwest Territories',0,293),(1047,'Ontario',0,293),(1048,'Newfoundland and Labrador',0,293),(1049,'Saskatchewan',1,294),(1050,'Alberta',0,294),(1051,'Ontario',0,294),(1052,'British Columbia',0,294),(1053,'Alberta',1,295),(1054,'Manitoba',0,295),(1055,'Saskatchewan',0,295),(1056,'Ontario',0,295),(1057,'Alberta',1,296),(1058,'British Columbia',0,296),(1059,'Quebec',0,296),(1060,'Nova Scotia',0,296),(1061,'Fourth daughter of Queen Victoria',1,297),(1062,'Wife of John A. McDonald',0,297),(1063,'First daughter of King George III',0,297),(1064,'Second daughter of King Henry II',0,297),(1065,'Five',1,298),(1066,'Two',0,298),(1067,'Three',0,298),(1068,'One',0,298),(1069,'1885',1,299),(1070,'1918',0,299),(1071,'1925',0,299),(1072,'1935',0,299),(1073,'Alberta',1,300),(1074,'Northwest Territories',0,300),(1075,'Quebec',0,300),(1076,'British Columbia',0,300),(1077,'The Badlands',1,301),(1078,'Lothagam',0,301),(1079,'Seymour Island',0,301),(1080,'Como Bluff',0,301),(1081,'Alberta',1,302),(1082,'Quebec',0,302),(1083,'Nova Scotia',0,302),(1084,'Newfoundland and Labrador',0,302),(1085,'True',1,303),(1086,'False',0,303),(1087,'Alberta',1,304),(1088,'Saskatchewan',0,304),(1089,'Manitoba',0,304),(1090,'Ontario',0,304),(1091,'British Columbia',1,305),(1092,'Alberta',0,305),(1093,'Newfoundland and Labrador',0,305),(1094,'Nunavut',0,305),(1095,'Vancouver',1,306),(1096,'Halifax',0,306),(1097,'St. Johns',0,306),(1098,'Fredericton',0,306),(1099,'False',1,307),(1100,'True',0,307),(1101,'British Columbia',1,308),(1102,'Newfoundland and Labrador',0,308),(1103,'Nunavut',0,308),(1104,'Ontario',0,308),(1105,'True',1,309),(1106,'False',0,309),(1107,'Forestry products',1,310),(1108,'Electronics',0,310),(1109,'Oil and Gas',0,310),(1110,'Seafood',0,310),(1111,'British Columbia',1,311),(1112,'Alberta',0,311),(1113,'Manitoba',0,311),(1114,'Saskatchewan',0,311),(1115,'600',1,312),(1116,'100',0,312),(1117,'200',0,312),(1118,'400',0,312),(1119,'Chinese and Punjabi',1,313),(1120,'Vietnamese and Japanese',0,313),(1121,'Tagalog and China',0,313),(1122,'Punjabi and German',0,313),(1123,'British Columbia',1,314),(1124,'Newfoundland and Labrador',0,314),(1125,'Nunavut',0,314),(1126,'Quebec',0,314),(1127,'33%',1,315),(1128,'50%',0,315),(1129,'10%',0,315),(1130,'15%',0,315),(1131,'100,000',1,316),(1132,'1,000,000',0,316),(1133,'2,000,000',0,316),(1134,'250,000',0,316),(1135,'False',1,317),(1136,'True',0,317),(1137,'True',1,318),(1138,'False',0,318),(1139,'At the height of summer, daylight can last up to 24 hours.',1,319),(1140,'Due to timezone differences, the North has daylight as night.',0,319),(1141,'Home to the largest Midnight Sun casino in North America.',0,319),(1142,'The North only has 6 hours of daylight per day.',0,319),(1143,'True',1,320),(1144,'False',0,320),(1145,'True',1,321),(1146,'False',0,321),(1147,'False',1,322),(1148,'True',0,322),(1149,'-63 degrees celsius',1,323),(1150,'-49 degrees celsius',0,323),(1151,'-44 degrees celsius',0,323),(1152,'-42 degrees celsius',0,323),(1153,'Yukon',1,324),(1154,'Nunavut',0,324),(1155,'Nova Scotia',0,324),(1156,'Manitoba',0,324),(1157,'Mining',1,325),(1158,'Oil and Gas',0,325),(1159,'Fishing',0,325),(1160,'Manufacturing',0,325),(1161,'Mount Logan',1,326),(1162,'The Great Canadian Rockies',0,326),(1163,'Mount Louise',0,326),(1164,'Mount Robson',0,326),(1165,'A world-famous geologist, born in Montreal.',1,327),(1166,'A famous hockey player in the NHL.',0,327),(1167,'One of the Canadian Confederation architects.',0,327),(1168,'Ran across Canada in the Marathon of Hope.',0,327),(1169,'Sir William Logan',1,328),(1170,'Frederick Banting',0,328),(1171,'Michael Smith',0,328),(1172,'Gerhad Herzberg',0,328),(1173,'True',1,329),(1174,'False',0,329),(1175,'1870',1,330),(1176,'1890',0,330),(1177,'1901',0,330),(1178,'1904',0,330),(1179,'Yellowknife',1,331),(1180,'Iqaluit',0,331),(1181,'Whitehorse',0,331),(1182,'Regina',0,331),(1183,'20,000',1,332),(1184,'30,000',0,332),(1185,'70,000',0,332),(1186,'110,000',0,332),(1187,'False',1,333),(1188,'True',0,333),(1189,'Mackenzie River',1,334),(1190,'St. Lawrence River',0,334),(1191,'Yukon River',0,334),(1192,'Churchill River',0,334),(1193,'\"our land\"',1,335),(1194,'\"the north\"',0,335),(1195,'\"cold lands\"',0,335),(1196,'\"dark lands\"',0,335),(1197,'1999',1,336),(1198,'1972',0,336),(1199,'1989',0,336),(1200,'2003',0,336),(1201,'Frobisher Bay',1,337),(1202,'Hudson Bay',0,337),(1203,'Conception Bay',0,337),(1204,'Hermitage Bay',0,337),(1205,'English explorer who penetrated the uncharted Arctic for Queen Elizabeth I in 1576.',1,338),(1206,'French explorer who penetrated the uncharted Arctic for King Henry I in 1592.',0,338),(1207,'Aboriginal Explorer who gave traded Arctic maps to the English for food and clothing.',0,338),(1208,'Fourteenth Canadian Prime Minister who invited Nunavut to join Canada.',0,338),(1209,'85%',1,339),(1210,'70%',0,339),(1211,'75%',0,339),(1212,'99%',0,339),(1213,'Inuktitut',1,340),(1214,'English',0,340),(1215,'French',0,340),(1216,'Russian',0,340),(1217,'True',1,341),(1218,'False',0,341),(1219,'True',1,342),(1220,'False',0,342),(1221,'Obeying the law, taking responsibility for oneself and one\'s family, serving on a jury.',1,343),(1222,'Learning both official languages, voting in elections, belonging to a union.',0,343),(1223,'Being loyal to Canada, recycling newspapers, serving in the navy, army or air force.',0,343),(1224,'Buying Canadian products, owning your own business, using less water.',0,343),(1225,'To remember the sacrifice of Canadians who have served or died in wars up to the present day.',1,344),(1226,'To remember our Sovereign, Queen Elizabeth II.',0,344),(1227,'To celebrate Confederation.',0,344),(1228,'To honour prime ministers who have died.',0,344),(1229,'They are elected by voters in their local constituency (riding).',1,345),(1230,'They are appointed by the United Nations.',0,345),(1231,'They are chosen by the provincial premiers.',0,345),(1232,'They are elected by landowners and police chiefs.',0,345);
/*!40000 ALTER TABLE `question_answer` ENABLE KEYS */;
UNLOCK TABLES;

--
-- Table structure for table `question_logtest`
--

DROP TABLE IF EXISTS `question_logtest`;
/*!40101 SET @saved_cs_client     = @@character_set_client */;
/*!40101 SET character_set_client = utf8 */;
CREATE TABLE `question_logtest` (
  `id` int(11) NOT NULL AUTO_INCREMENT,
  `testing_date` datetime(6) NOT NULL,
  `duration` int(11) NOT NULL,
  `correctAnswers` int(11) NOT NULL,
  `totalQuestions` int(11) NOT NULL,
  `user_id` int(11) NOT NULL,
  PRIMARY KEY (`id`),
  KEY `question_logtest_user_id_eca00ab2_fk_auth_user_id` (`user_id`),
  CONSTRAINT `question_logtest_user_id_eca00ab2_fk_auth_user_id` FOREIGN KEY (`user_id`) REFERENCES `auth_user` (`id`)
) ENGINE=InnoDB AUTO_INCREMENT=21 DEFAULT CHARSET=latin1;
/*!40101 SET character_set_client = @saved_cs_client */;

--
-- Dumping data for table `question_logtest`
--

LOCK TABLES `question_logtest` WRITE;
/*!40000 ALTER TABLE `question_logtest` DISABLE KEYS */;
INSERT INTO `question_logtest` VALUES (1,'2018-09-27 21:12:56.070671',5,3,10,5),(2,'2018-09-27 21:13:41.900065',10,4,10,1),(3,'2018-09-27 21:14:17.136116',9,2,10,1),(4,'2018-09-27 21:26:56.421392',184,10,10,2),(5,'2018-09-27 21:30:21.540929',141,9,10,2),(6,'2018-09-28 01:03:54.051089',2844,14,20,2),(7,'2018-09-28 01:11:29.854411',296,15,20,2),(8,'2018-09-28 01:18:33.633098',359,16,20,2),(9,'2018-09-28 18:39:12.593785',13,4,20,1),(10,'2018-09-28 18:39:56.816436',33,12,50,1),(11,'2018-09-28 18:40:38.812580',32,8,50,1),(12,'2018-09-28 18:41:42.281498',32,18,50,1),(13,'2018-09-28 18:42:20.596985',28,11,50,1),(14,'2018-09-28 18:43:51.515822',70,36,100,1),(15,'2018-09-28 18:44:35.291037',28,15,50,1),(16,'2018-09-28 18:45:23.076992',33,18,50,1),(17,'2018-09-29 01:10:36.849224',191,8,10,2),(18,'2018-09-29 01:15:32.366420',162,8,10,2),(19,'2018-10-01 01:44:13.254799',331,16,20,2),(20,'2018-10-01 02:18:32.309464',2000,83,100,2);
/*!40000 ALTER TABLE `question_logtest` ENABLE KEYS */;
UNLOCK TABLES;

--
-- Table structure for table `question_logtestquestion`
--

DROP TABLE IF EXISTS `question_logtestquestion`;
/*!40101 SET @saved_cs_client     = @@character_set_client */;
/*!40101 SET character_set_client = utf8 */;
CREATE TABLE `question_logtestquestion` (
  `id` int(11) NOT NULL AUTO_INCREMENT,
  `correct` tinyint(1) NOT NULL,
  `answer_id` int(11) NOT NULL,
  `logTest_id` int(11) NOT NULL,
  `question_id` int(11) NOT NULL,
  PRIMARY KEY (`id`),
  KEY `question_logtestques_answer_id_6e68bcaa_fk_question_` (`answer_id`),
  KEY `question_logtestques_logTest_id_e815d5bb_fk_question_` (`logTest_id`),
  KEY `question_logtestques_question_id_71364b77_fk_question_` (`question_id`),
  CONSTRAINT `question_logtestques_answer_id_6e68bcaa_fk_question_` FOREIGN KEY (`answer_id`) REFERENCES `question_answer` (`id`),
  CONSTRAINT `question_logtestques_logTest_id_e815d5bb_fk_question_` FOREIGN KEY (`logTest_id`) REFERENCES `question_logtest` (`id`),
  CONSTRAINT `question_logtestques_question_id_71364b77_fk_question_` FOREIGN KEY (`question_id`) REFERENCES `question_question` (`id`)
) ENGINE=InnoDB AUTO_INCREMENT=671 DEFAULT CHARSET=latin1;
/*!40101 SET character_set_client = @saved_cs_client */;

--
-- Dumping data for table `question_logtestquestion`
--

LOCK TABLES `question_logtestquestion` WRITE;
/*!40000 ALTER TABLE `question_logtestquestion` DISABLE KEYS */;
INSERT INTO `question_logtestquestion` VALUES (1,0,210,1,57),(2,0,238,1,65),(3,1,303,1,84),(4,1,453,1,127),(5,0,642,1,182),(6,0,734,1,206),(7,0,754,1,213),(8,1,941,1,265),(9,0,1010,1,284),(10,0,1090,1,304),(11,1,171,2,48),(12,0,243,2,66),(13,0,374,2,103),(14,1,375,2,104),(15,1,535,2,152),(16,0,554,2,157),(17,1,839,2,235),(18,0,946,2,266),(19,0,1074,2,300),(20,0,1227,2,344),(21,0,198,3,54),(22,0,383,3,106),(23,1,415,3,117),(24,0,462,3,129),(25,0,484,3,135),(26,0,596,3,168),(27,0,600,3,169),(28,0,1076,3,300),(29,0,1160,3,325),(30,1,1189,3,334),(31,1,89,4,27),(32,1,237,4,65),(33,1,319,4,88),(34,1,347,4,96),(35,1,629,4,178),(36,1,663,4,189),(37,1,757,4,214),(38,1,983,4,277),(39,1,1005,4,283),(40,1,1183,4,332),(41,1,7,5,3),(42,1,13,5,5),(43,1,127,5,37),(44,1,155,5,44),(45,1,315,5,87),(46,1,397,5,111),(47,1,807,5,227),(48,1,863,5,241),(49,0,1030,5,289),(50,1,1219,5,342),(51,1,65,6,20),(52,1,81,6,24),(53,1,91,6,28),(54,1,107,6,32),(55,1,135,6,39),(56,1,151,6,43),(57,1,387,6,108),(58,1,421,6,119),(59,0,468,6,130),(60,1,487,6,137),(61,1,759,6,215),(62,1,815,6,229),(63,0,896,6,251),(64,1,925,6,259),(65,0,958,6,269),(66,0,990,6,278),(67,1,1037,6,291),(68,1,1069,6,299),(69,0,1129,6,315),(70,0,1144,6,320),(71,1,191,7,53),(72,1,333,7,92),(73,1,433,7,122),(74,1,449,7,126),(75,1,505,7,143),(76,1,597,7,169),(77,1,625,7,177),(78,0,736,7,207),(79,1,753,7,213),(80,1,815,7,229),(81,1,879,7,246),(82,1,893,7,250),(83,1,921,7,258),(84,0,942,7,265),(85,0,999,7,281),(86,0,1063,7,297),(87,1,1157,7,325),(88,1,1173,7,329),(89,0,1210,7,339),(90,1,1229,7,345),(91,1,33,8,10),(92,1,81,8,24),(93,1,143,8,41),(94,1,195,8,54),(95,1,261,8,71),(96,1,299,8,82),(97,1,351,8,97),(98,1,363,8,100),(99,1,401,8,112),(100,0,643,8,182),(101,1,683,8,194),(102,1,703,8,199),(103,1,931,8,262),(104,0,1002,8,282),(105,1,1061,8,297),(106,0,1076,8,300),(107,1,1105,8,309),(108,1,1127,8,315),(109,1,1143,8,320),(110,0,1194,8,335),(111,1,217,9,60),(112,0,228,9,62),(113,0,300,9,82),(114,0,306,9,84),(115,0,354,9,97),(116,0,494,9,139),(117,0,516,9,146),(118,0,640,9,181),(119,0,668,9,190),(120,0,700,9,198),(121,0,738,9,208),(122,0,776,9,219),(123,0,852,9,238),(124,1,877,9,245),(125,0,884,9,247),(126,1,925,9,259),(127,0,942,9,265),(128,0,1167,9,327),(129,0,1190,9,334),(130,1,1221,9,343),(131,0,4,10,2),(132,0,14,10,5),(133,0,22,10,7),(134,1,25,10,8),(135,1,37,10,11),(136,0,52,10,15),(137,0,66,10,20),(138,0,78,10,23),(139,0,96,10,29),(140,0,108,10,32),(141,0,117,10,34),(142,0,120,10,35),(143,0,128,10,37),(144,0,148,10,42),(145,0,154,10,43),(146,0,174,10,48),(147,1,237,10,65),(148,1,295,10,81),(149,0,336,10,92),(150,1,343,10,95),(151,0,352,10,97),(152,0,362,10,99),(153,0,369,10,101),(154,0,386,10,107),(155,0,391,10,109),(156,1,401,10,112),(157,0,406,10,113),(158,0,416,10,117),(159,0,496,10,140),(160,1,507,10,144),(161,0,528,10,149),(162,0,533,10,151),(163,0,620,10,174),(164,0,630,10,178),(165,0,651,10,184),(166,1,671,10,191),(167,0,700,10,198),(168,0,752,10,212),(169,0,756,10,213),(170,0,764,10,216),(171,0,830,10,232),(172,0,856,10,239),(173,0,898,10,252),(174,1,921,10,258),(175,0,998,10,281),(176,1,1013,10,285),(177,0,1054,10,295),(178,1,1127,10,315),(179,1,1143,10,320),(180,0,1202,10,337),(181,0,2,11,1),(182,0,63,11,19),(183,0,84,11,25),(184,0,102,11,30),(185,0,126,11,36),(186,0,146,11,41),(187,0,154,11,43),(188,1,163,11,46),(189,0,218,11,60),(190,0,242,11,66),(191,0,248,11,67),(192,0,254,11,69),(193,1,269,11,73),(194,1,281,11,76),(195,1,291,11,80),(196,0,327,11,90),(197,0,342,11,94),(198,0,344,11,95),(199,0,376,11,104),(200,0,394,11,110),(201,0,426,11,120),(202,0,435,11,122),(203,0,438,11,123),(204,0,446,11,125),(205,0,486,11,136),(206,0,489,11,137),(207,0,502,11,142),(208,0,548,11,155),(209,0,551,11,156),(210,0,559,11,159),(211,1,621,11,175),(212,0,635,11,180),(213,0,640,11,181),(214,0,677,11,192),(215,1,691,11,196),(216,0,705,11,199),(217,1,749,11,212),(218,0,786,11,221),(219,0,830,11,232),(220,1,843,11,236),(221,0,848,11,237),(222,0,910,11,255),(223,0,919,11,257),(224,0,964,11,271),(225,0,985,11,277),(226,0,1088,11,304),(227,0,1106,11,309),(228,0,1152,11,323),(229,0,1185,11,332),(230,0,1216,11,340),(231,0,63,12,19),(232,1,89,12,27),(233,0,100,12,30),(234,0,125,12,36),(235,0,160,12,45),(236,0,220,12,60),(237,1,237,12,65),(238,0,342,12,94),(239,0,376,12,104),(240,0,386,12,107),(241,0,443,12,124),(242,0,458,12,128),(243,0,466,12,130),(244,1,477,12,133),(245,1,493,12,139),(246,0,498,12,140),(247,1,499,12,141),(248,0,579,12,164),(249,0,582,12,165),(250,0,599,12,169),(251,1,625,12,177),(252,0,657,12,186),(253,1,671,12,191),(254,1,695,12,197),(255,0,717,12,202),(256,1,719,12,203),(257,1,739,12,209),(258,1,757,12,214),(259,0,784,12,221),(260,1,807,12,227),(261,0,812,12,228),(262,0,834,12,233),(263,0,870,12,242),(264,0,874,12,244),(265,1,909,12,255),(266,1,913,12,256),(267,0,960,12,270),(268,0,978,12,275),(269,0,989,12,278),(270,0,1058,12,296),(271,1,1069,12,299),(272,0,1078,12,301),(273,0,1086,12,303),(274,0,1112,12,311),(275,1,1119,12,313),(276,0,1164,12,326),(277,0,1180,12,331),(278,0,1196,12,335),(279,1,1205,12,338),(280,1,1219,12,342),(281,0,4,13,2),(282,0,42,13,12),(283,0,54,13,16),(284,0,82,13,24),(285,1,111,13,33),(286,0,138,13,39),(287,0,150,13,42),(288,0,186,13,51),(289,1,199,13,55),(290,0,243,13,66),(291,0,250,13,68),(292,0,288,13,78),(293,1,289,13,79),(294,0,298,13,81),(295,1,329,13,91),(296,0,394,13,110),(297,0,428,13,120),(298,0,431,13,121),(299,0,439,13,123),(300,0,448,13,125),(301,0,458,13,128),(302,0,486,13,136),(303,0,528,13,149),(304,1,573,13,163),(305,1,577,13,164),(306,0,587,13,166),(307,0,622,13,175),(308,0,626,13,177),(309,0,660,13,187),(310,1,711,13,201),(311,1,741,13,210),(312,0,748,13,211),(313,0,812,13,228),(314,0,826,13,231),(315,0,834,13,233),(316,0,878,13,245),(317,0,880,13,246),(318,0,891,13,249),(319,1,895,13,251),(320,1,913,13,256),(321,0,926,13,259),(322,0,940,13,264),(323,0,999,13,281),(324,0,1062,13,297),(325,0,1106,13,309),(326,0,1120,13,313),(327,0,1133,13,316),(328,0,1146,13,321),(329,0,1199,13,336),(330,1,1225,13,344),(331,0,18,14,6),(332,0,28,14,8),(333,0,42,14,12),(334,0,52,14,15),(335,1,53,14,16),(336,0,56,14,17),(337,0,68,14,20),(338,0,72,14,21),(339,0,82,14,24),(340,1,91,14,28),(341,0,109,14,32),(342,1,111,14,33),(343,1,119,14,35),(344,0,148,14,42),(345,0,160,14,45),(346,0,165,14,46),(347,0,168,14,47),(348,1,175,14,49),(349,1,179,14,50),(350,0,192,14,53),(351,1,203,14,56),(352,0,228,14,62),(353,0,248,14,67),(354,1,249,14,68),(355,1,261,14,71),(356,1,273,14,74),(357,0,320,14,88),(358,1,347,14,96),(359,1,351,14,97),(360,1,363,14,100),(361,0,370,14,101),(362,1,373,14,103),(363,0,376,14,104),(364,1,377,14,105),(365,0,399,14,111),(366,0,408,14,114),(367,1,413,14,116),(368,0,416,14,117),(369,0,422,14,119),(370,0,426,14,120),(371,0,439,14,123),(372,0,446,14,125),(373,0,455,14,127),(374,0,460,14,128),(375,1,469,14,131),(376,0,482,14,134),(377,1,485,14,136),(378,1,495,14,140),(379,1,499,14,141),(380,0,511,14,145),(381,0,515,14,146),(382,0,522,14,148),(383,0,548,14,155),(384,0,554,14,157),(385,1,565,14,161),(386,0,591,14,167),(387,0,604,14,170),(388,1,609,14,172),(389,1,631,14,179),(390,0,639,14,181),(391,0,664,14,189),(392,1,679,14,193),(393,0,684,14,194),(394,1,687,14,195),(395,0,714,14,201),(396,0,720,14,203),(397,0,726,14,204),(398,0,734,14,206),(399,0,752,14,212),(400,0,778,14,219),(401,0,782,14,220),(402,1,791,14,223),(403,0,837,14,234),(404,1,843,14,236),(405,0,858,14,239),(406,1,873,14,244),(407,0,887,14,248),(408,0,919,14,257),(409,0,923,14,258),(410,1,939,14,264),(411,0,942,14,265),(412,0,976,14,274),(413,0,978,14,275),(414,0,988,14,278),(415,0,1015,14,285),(416,0,1019,14,286),(417,0,1052,14,294),(418,0,1062,14,297),(419,0,1079,14,301),(420,0,1100,14,307),(421,1,1115,14,312),(422,1,1123,14,314),(423,1,1127,14,315),(424,0,1141,14,319),(425,1,1145,14,321),(426,0,1148,14,322),(427,1,1153,14,324),(428,1,1173,14,329),(429,1,1175,14,330),(430,0,1227,14,344),(431,0,12,15,4),(432,1,41,15,12),(433,1,45,15,13),(434,0,82,15,24),(435,0,94,15,28),(436,0,101,15,30),(437,0,112,15,33),(438,0,133,15,38),(439,0,138,15,39),(440,0,153,15,43),(441,0,158,15,44),(442,0,197,15,54),(443,0,255,15,69),(444,0,283,15,76),(445,1,339,15,94),(446,1,359,15,99),(447,0,366,15,100),(448,0,372,15,102),(449,0,398,15,111),(450,1,417,15,118),(451,1,421,15,119),(452,1,485,15,136),(453,0,526,15,149),(454,0,582,15,165),(455,0,611,15,172),(456,1,667,15,190),(457,0,673,15,191),(458,0,696,15,197),(459,0,709,15,200),(460,0,713,15,201),(461,0,730,15,205),(462,0,758,15,214),(463,0,790,15,222),(464,1,867,15,242),(465,1,879,15,246),(466,0,891,15,249),(467,0,903,15,253),(468,1,913,15,256),(469,0,968,15,272),(470,0,996,15,280),(471,1,1053,15,295),(472,0,1117,15,312),(473,0,1132,15,316),(474,0,1144,15,320),(475,0,1158,15,325),(476,0,1166,15,327),(477,1,1169,15,328),(478,1,1201,15,337),(479,0,1208,15,338),(480,1,1209,15,339),(481,1,33,16,10),(482,1,103,16,31),(483,1,135,16,39),(484,0,157,16,44),(485,0,190,16,52),(486,0,201,16,55),(487,1,217,16,60),(488,1,253,16,69),(489,1,287,16,78),(490,1,295,16,81),(491,0,309,16,85),(492,0,322,16,89),(493,0,346,16,95),(494,0,354,16,97),(495,1,355,16,98),(496,0,368,16,101),(497,1,403,16,113),(498,0,475,16,132),(499,0,500,16,141),(500,0,519,16,147),(501,0,546,16,155),(502,1,553,16,157),(503,0,558,16,159),(504,0,580,16,164),(505,0,588,16,166),(506,1,605,16,171),(507,0,630,16,178),(508,0,644,16,182),(509,0,651,16,184),(510,0,666,16,189),(511,0,732,16,206),(512,0,738,16,208),(513,1,807,16,227),(514,0,845,16,236),(515,1,879,16,246),(516,0,898,16,252),(517,1,939,16,264),(518,0,944,16,266),(519,0,978,16,275),(520,0,1014,16,285),(521,1,1041,16,292),(522,1,1045,16,293),(523,0,1052,16,294),(524,0,1100,16,307),(525,0,1118,16,312),(526,0,1133,16,316),(527,0,1154,16,324),(528,1,1157,16,325),(529,1,1179,16,331),(530,0,1184,16,332),(531,1,119,17,35),(532,1,135,17,39),(533,1,287,17,78),(534,1,449,17,126),(535,0,632,17,179),(536,1,737,17,208),(537,1,879,17,246),(538,1,901,17,253),(539,1,1161,17,326),(540,0,1184,17,332),(541,0,724,18,204),(542,1,815,18,229),(543,1,827,18,232),(544,1,863,18,241),(545,1,883,18,247),(546,1,913,18,256),(547,1,955,18,269),(548,0,1118,18,312),(549,1,1161,18,326),(550,1,1165,18,327),(551,1,11,19,4),(552,1,111,19,33),(553,1,337,19,93),(554,1,387,19,108),(555,1,413,19,116),(556,1,541,19,154),(557,1,557,19,159),(558,0,564,19,160),(559,1,621,19,175),(560,1,653,19,185),(561,1,719,19,203),(562,1,731,19,206),(563,1,811,19,228),(564,0,844,19,236),(565,1,889,19,249),(566,1,929,19,261),(567,0,942,19,265),(568,1,991,19,279),(569,0,1048,19,293),(570,1,1081,19,302),(571,1,1,20,1),(572,1,21,20,7),(573,1,51,20,15),(574,1,61,20,19),(575,1,69,20,21),(576,1,77,20,23),(577,0,88,20,26),(578,1,99,20,30),(579,1,107,20,32),(580,1,119,20,35),(581,1,131,20,38),(582,1,147,20,42),(583,1,151,20,43),(584,1,155,20,44),(585,1,159,20,45),(586,1,167,20,47),(587,1,183,20,51),(588,1,215,20,59),(589,1,221,20,61),(590,1,225,20,62),(591,1,233,20,64),(592,1,237,20,65),(593,1,257,20,70),(594,1,269,20,73),(595,1,277,20,75),(596,1,285,20,77),(597,1,287,20,78),(598,1,289,20,79),(599,0,302,20,83),(600,1,303,20,84),(601,1,307,20,85),(602,1,319,20,88),(603,1,321,20,89),(604,1,339,20,94),(605,1,371,20,102),(606,1,373,20,103),(607,1,385,20,107),(608,1,397,20,111),(609,1,415,20,117),(610,1,429,20,121),(611,1,465,20,130),(612,1,501,20,142),(613,1,507,20,144),(614,0,522,20,148),(615,1,539,20,153),(616,1,545,20,155),(617,0,564,20,160),(618,1,581,20,165),(619,1,589,20,167),(620,1,617,20,174),(621,0,640,20,181),(622,1,641,20,182),(623,1,649,20,184),(624,1,653,20,185),(625,0,673,20,191),(626,1,679,20,193),(627,1,683,20,194),(628,0,698,20,197),(629,1,711,20,201),(630,1,735,20,207),(631,1,749,20,212),(632,1,753,20,213),(633,1,791,20,223),(634,1,807,20,227),(635,1,811,20,228),(636,0,822,20,230),(637,0,825,20,231),(638,1,827,20,232),(639,1,851,20,238),(640,1,855,20,239),(641,1,867,20,242),(642,1,879,20,246),(643,1,885,20,248),(644,1,893,20,250),(645,1,913,20,256),(646,0,918,20,257),(647,1,929,20,261),(648,1,931,20,262),(649,0,940,20,264),(650,1,943,20,266),(651,1,951,20,268),(652,1,955,20,269),(653,1,963,20,271),(654,1,967,20,272),(655,1,977,20,275),(656,1,987,20,278),(657,1,997,20,281),(658,0,1006,20,283),(659,1,1009,20,284),(660,1,1021,20,287),(661,0,1027,20,288),(662,0,1059,20,296),(663,1,1081,20,302),(664,1,1095,20,306),(665,0,1134,20,316),(666,1,1145,20,321),(667,0,1151,20,323),(668,0,1196,20,335),(669,1,1217,20,341),(670,1,1229,20,345);
/*!40000 ALTER TABLE `question_logtestquestion` ENABLE KEYS */;
UNLOCK TABLES;

--
-- Table structure for table `question_proposedquestion`
--

DROP TABLE IF EXISTS `question_proposedquestion`;
/*!40101 SET @saved_cs_client     = @@character_set_client */;
/*!40101 SET character_set_client = utf8 */;
CREATE TABLE `question_proposedquestion` (
  `id` int(11) NOT NULL AUTO_INCREMENT,
  `question` longtext NOT NULL,
  `multiChoice` tinyint(1) NOT NULL,
  `correctAnswer` longtext NOT NULL,
  `fakeAnswer1` longtext NOT NULL,
  `fakeAnswer2` longtext,
  `fakeAnswer3` longtext,
  `section_id` int(11) NOT NULL,
  `submitter_id` int(11) NOT NULL,
  PRIMARY KEY (`id`),
  KEY `question_proposedque_section_id_ac2e5a1f_fk_question_` (`section_id`),
  KEY `question_proposedquestion_submitter_id_5f2fd075_fk_auth_user_id` (`submitter_id`),
  CONSTRAINT `question_proposedque_section_id_ac2e5a1f_fk_question_` FOREIGN KEY (`section_id`) REFERENCES `question_section` (`id`),
  CONSTRAINT `question_proposedquestion_submitter_id_5f2fd075_fk_auth_user_id` FOREIGN KEY (`submitter_id`) REFERENCES `auth_user` (`id`)
) ENGINE=InnoDB DEFAULT CHARSET=latin1;
/*!40101 SET character_set_client = @saved_cs_client */;

--
-- Dumping data for table `question_proposedquestion`
--

LOCK TABLES `question_proposedquestion` WRITE;
/*!40000 ALTER TABLE `question_proposedquestion` DISABLE KEYS */;
/*!40000 ALTER TABLE `question_proposedquestion` ENABLE KEYS */;
UNLOCK TABLES;

--
-- Table structure for table `question_question`
--

DROP TABLE IF EXISTS `question_question`;
/*!40101 SET @saved_cs_client     = @@character_set_client */;
/*!40101 SET character_set_client = utf8 */;
CREATE TABLE `question_question` (
  `id` int(11) NOT NULL AUTO_INCREMENT,
  `question` longtext NOT NULL,
  `section_id` int(11) NOT NULL,
  `created_at` datetime(6) NOT NULL,
  `user_id` int(11) NOT NULL,
  PRIMARY KEY (`id`),
  KEY `question_question_section_id_690de194_fk_question_section_id` (`section_id`),
  KEY `question_question_user_id_6ae5c0ef_fk_auth_user_id` (`user_id`),
  CONSTRAINT `question_question_section_id_690de194_fk_question_section_id` FOREIGN KEY (`section_id`) REFERENCES `question_section` (`id`),
  CONSTRAINT `question_question_user_id_6ae5c0ef_fk_auth_user_id` FOREIGN KEY (`user_id`) REFERENCES `auth_user` (`id`)
) ENGINE=InnoDB AUTO_INCREMENT=346 DEFAULT CHARSET=latin1;
/*!40101 SET character_set_client = @saved_cs_client */;

--
-- Dumping data for table `question_question`
--

LOCK TABLES `question_question` WRITE;
/*!40000 ALTER TABLE `question_question` DISABLE KEYS */;
INSERT INTO `question_question` VALUES (1,'Canada has compulsory military service.',1,'2018-08-22 21:56:59.710642',1),(2,'What are the six Canadian citizenship responsibilities?',1,'2018-08-22 22:02:42.396113',1),(3,'Who are the Acadians?',2,'2018-08-22 22:05:27.774812',1),(4,'Men and women are equal under Canadian law.',1,'2018-08-22 22:06:22.290713',1),(5,'What is the multiculturalism right?',1,'2018-08-22 22:13:34.260548',1),(6,'What is the Official Language Rights and Minority Language Educational Rights?',1,'2018-08-22 22:19:44.960407',1),(7,'What is Habeas corpus?',1,'2018-08-22 22:28:23.568805',1),(8,'What are the four major freedoms laid out in the Magna Carta document?',1,'2018-08-22 22:32:06.038806',1),(9,'What are the general sources of Canadian law?',1,'2018-08-22 22:36:23.224878',1),(10,'What is the Magna Carta?   When was it created?',1,'2018-08-22 22:40:36.954624',1),(11,'What is Canada\'s largest religious affiliation?',2,'2018-08-22 23:50:03.778395',1),(12,'How many Francophones are in Canada?',2,'2018-08-22 23:51:02.922464',1),(13,'How many Anglophones are in Canada?',2,'2018-08-22 23:51:31.116420',1),(14,'New Brunswick is officially bilingual.',2,'2018-08-22 23:51:55.876591',1),(15,'Nova Scotia is officially bilingual.',2,'2018-08-22 23:52:09.846250',1),(16,'The Federal Government is required by law to provide services throughout Canada in both English and French.',2,'2018-08-22 23:52:46.891474',1),(17,'The Federal Government is required by law to provide services throughout Canada in English, French, Spanish.',2,'2018-08-22 23:53:12.525751',1),(18,'Who was John Buchan?',2,'2018-08-22 23:56:01.204001',1),(19,'How are the Canadian aboriginal people distributed?',2,'2018-08-23 00:20:00.338606',1),(20,'What three groups does the term \'Aboriginal peoples\' refer to?',2,'2018-08-23 00:24:02.162585',1),(21,'What year did Canada apologize to former aboriginal students for the treatment they endured?',2,'2018-08-23 00:25:11.114789',1),(22,'From the 1800s until the 1980s, what did Federal government do with many Aboriginal children?',2,'2018-08-23 00:27:55.288700',1),(23,'Who was the first person to guarantee Canadian aboriginal territorial rights?',1,'2018-08-23 00:30:01.295073',1),(24,'Aboriginal and treaty rights are contained in the Canadian Constitution.',2,'2018-08-23 00:30:55.796265',1),(25,'What are Canada\'s three founding groups of people?',2,'2018-08-23 00:32:19.002843',1),(26,'Poets and songwriters have hailed Canada as the \'Great Empire\'',2,'2018-08-23 00:32:57.017956',1),(27,'Poets and songwriters have hailed Canada as the \'Great Dominion\'.',2,'2018-08-23 00:33:27.066674',1),(28,'What is the name of Canada\'s original constitutional document in 1867?',2,'2018-08-23 00:34:47.875957',1),(29,'What was the date of D-Day in World War II',3,'2018-08-23 00:36:36.354068',1),(30,'On D-Day in World War 2, what beach did Canadians storm?',3,'2018-08-23 00:37:56.124961',1),(31,'How many Canadians serviced in World War 2?  How many were killed?',3,'2018-08-23 00:39:46.253719',1),(32,'Who wrote the poem \"In Flander\'s Fields\"?',3,'2018-08-23 00:41:59.865131',1),(33,'Who was Sir George-Etienne Cartier?',3,'2018-08-23 00:43:43.396104',1),(34,'Who led the Manitoba (1870) and Saskatchewan (1885) rebellions?',3,'2018-08-23 00:47:16.680026',1),(35,'Which provinces rebelled against Canada in 1870 and 1885?',3,'2018-08-23 00:48:14.642973',1),(36,'What were the first four Canadian provinces?',3,'2018-08-23 00:49:23.340061',1),(37,'What was the date of Canadian confederation?',3,'2018-08-23 00:50:13.285581',1),(38,'What was the war of 1812 about?',3,'2018-08-23 00:54:44.056296',1),(39,'What French explorers colonized Canada?',3,'2018-08-23 01:00:34.877422',1),(40,'What was the first French outpost that was able to survive the harsh Canadian winters?',1,'2018-08-23 01:03:40.184282',1),(41,'Who discovered Canada for the French?',3,'2018-08-23 01:06:01.463570',1),(42,'When did Jacques Cartier discover Canada for the French?',3,'2018-08-23 01:06:53.276831',1),(43,'Who discovered Canada for the English?',3,'2018-08-23 01:07:55.767581',1),(44,'When did the English discover Canada?',3,'2018-08-23 01:08:24.758964',1),(45,'What year were woman given the right to vote?',3,'2018-08-23 01:19:06.820651',1),(46,'When was oil discovered in Alberta?',4,'2018-08-23 15:23:40.006858',1),(47,'When was employment insurance introduced by the federal government?',4,'2018-08-23 15:24:18.718431',1),(48,'What was the Quiet Revolution?',4,'2018-08-23 15:29:40.037726',1),(49,'When did Quebec hold two provincial referendums to leave Canada?',4,'2018-08-23 15:30:34.129344',1),(50,'By the 1960s, what percentage of Canadians had origins that were neither British or French?',4,'2018-08-23 15:32:00.567197',1),(51,'What year were Aboriginal people granted the right to vote in Canada?',4,'2018-08-23 15:32:38.450624',1),(52,'How many Vietnamese people sought refuge in Canada during the Vietnam War in 1975?',4,'2018-08-23 15:33:23.293125',1),(53,'What is the \'Group of Seven\'',4,'2018-08-23 15:36:51.351094',1),(54,'Basketball was invented by which Canadian?',4,'2018-08-23 15:38:59.787927',1),(55,'What year did Donovan Bailey become a world record sprinter and double Olympic gold medallist?',4,'2018-08-23 15:39:47.201937',1),(56,'Who was Chantal Petitclerc?',4,'2018-08-23 15:42:38.748187',1),(57,'Who was Terry Fox?',4,'2018-08-27 10:51:33.604190',1),(58,'What year did Terry Fox attempt his marathon of hope?',4,'2018-08-27 10:52:34.862028',1),(59,'Terry Fox completed the marathon of hope.',4,'2018-08-27 10:53:06.776495',1),(60,'Who invented the telephone?',4,'2018-08-27 10:54:22.466430',1),(61,'Who invented the snowmobile?',4,'2018-08-27 10:55:00.782338',1),(62,'Who invented the world system of standard time zones?',4,'2018-08-27 12:40:06.108651',1),(63,'Who invented the first electric light bulb?',4,'2018-08-27 12:41:58.898791',1),(64,'Who discovered insulin?',4,'2018-08-27 12:42:32.987330',1),(65,'Who sent the first wireless voice message in the world?',4,'2018-08-27 12:43:26.527987',1),(66,'Who was Mark Tewksbury?',1,'2018-08-27 12:44:57.962767',1),(67,'Who was a pioneering brain surgeon at McGill University, and was known as \"the greatest living Canadian\"?',4,'2018-08-27 12:46:15.619943',1),(68,'Who invented the first cardiac pacemaker?',4,'2018-08-27 12:47:03.529249',1),(69,'Who were the founders of Research in Motion (RIM)',4,'2018-08-27 12:48:44.706692',1),(70,'What are three key facts about Canada\'s system of government?',5,'2018-08-27 12:54:02.507759',1),(71,'What are the levels of government in Canada?',5,'2018-08-29 11:33:37.141553',1),(72,'What does Federalism mean?',5,'2018-08-29 11:38:41.763201',1),(73,'Where were the responsibilities of the federal and provincial governments first defined?',5,'2018-08-30 14:42:12.332152',1),(74,'Which areas does the Federal government take responsibility for?',5,'2018-08-30 14:44:20.705113',1),(75,'Which areas does the Provincial government take responsibility for?',5,'2018-08-30 14:46:50.153404',1),(76,'Which areas of responsibility does the federal and provincial governments share?',5,'2018-08-30 14:47:54.483658',1),(77,'Every province has its own elected Legislative Assembly (like the House of Commons in Ottawa)',5,'2018-08-30 14:48:38.126759',1),(78,'The three northern territories (which have small populations) have all the same status and rights as provinces.',5,'2018-08-30 14:49:11.665595',1),(79,'In Canada’s parliamentary democracy, the people elect members to the House of Commons in Ottawa and to the provincial and territorial legislatures.',5,'2018-08-30 14:51:04.946181',1),(80,'Canada\'s House of Commons and provincial legislature representatives are responsible for:',5,'2018-08-30 14:59:46.670806',1),(81,'What are the three parts of parliament?',5,'2018-09-03 21:10:40.352752',1),(82,'In the federal government, the Prime Minister selects the Cabinet Ministers and is responsible for the operations and policy of the government.',5,'2018-09-03 21:11:56.910589',1),(83,'In the federal government, the Governor General selects the cabinet ministers.',5,'2018-09-03 21:12:25.353416',1),(84,'What happens if a cabinet minister loses a non-confidence vote?',5,'2018-09-03 21:14:06.499114',1),(85,'Who are Senators appointed by?',5,'2018-09-03 21:16:31.921778',1),(86,'What age do Senators serve until?',5,'2018-09-03 21:18:17.363320',1),(87,'How does a bill become law (with Canada\'s legislative process)',5,'2018-09-03 21:20:05.405390',1),(88,'It is important for Canadians aged 18 or more to participate in their democracy by voting.',5,'2018-09-03 21:20:38.535981',1),(89,'Who is Canada\'s head of state?',5,'2018-09-03 21:22:44.081298',1),(90,'Who is Canada\'s head of government?',5,'2018-09-03 21:23:16.145658',1),(91,'What is the commonwealth?',5,'2018-09-03 21:28:10.160652',1),(92,'Who appoints the Governor General?',1,'2018-09-03 21:28:56.787922',1),(93,'Canada has one Lieutenant Governor.',5,'2018-09-03 21:30:21.706849',1),(94,'Who appoints the ten provincial Lieutenant Governors?',5,'2018-09-03 21:31:03.527738',1),(95,'How many judges are on the Canadian Supreme Court?',5,'2018-09-03 21:32:15.706663',1),(96,'Who appoints the Supreme Court judges?',5,'2018-09-03 21:32:48.453476',1),(97,'What are the three branches of federal government?',5,'2018-09-03 21:35:05.434966',1),(98,'Federal elections must be held on',6,'2018-09-03 21:38:42.692288',1),(99,'To be eligible to vote in a federal election, you need to be:',6,'2018-09-06 10:27:26.382650',1),(100,'What is the name of the neutral government agency that runs the voters list?',6,'2018-09-06 10:30:34.366120',1),(101,'Canada is divided into how many electoral districts?',6,'2018-09-06 10:32:17.278029',1),(102,'An electoral district is a geographical area represented by a member of Parliament (MP)',6,'2018-09-06 10:33:09.218466',1),(103,'An electoral district is a geographical area represented by three members of Parliament (MP)',6,'2018-09-06 10:33:27.164858',1),(104,'The citizens in each electoral district elect one MP who sits in the House of Commons to represent them.',6,'2018-09-06 10:34:11.028843',1),(105,'How old do you have to be to run in a federal election?',6,'2018-09-06 10:34:46.796886',1),(106,'Canadians vote in Federal elections for the people they want to represent them in:',6,'2018-09-06 10:36:12.318704',1),(107,'The Prime Minister may never schedule an election earlier than the third Money in October every four years.',6,'2018-09-06 10:36:55.661867',1),(108,'Canadian law secures the right to a secret ballot.',6,'2018-09-06 10:37:46.009318',1),(109,'How is the Prime Minister decided?',6,'2018-09-06 10:40:06.436437',1),(110,'If the federal party in power holds at least half of the seats in the House of Commons, this is called:',6,'2018-09-06 10:43:25.440642',1),(111,'If the federal party in power holds less than half of the seats in the House of Commons, this is called:',6,'2018-09-06 10:45:14.401791',1),(112,'Is the House of Commons vote on the budget considered a \'confidence vote\'?',6,'2018-09-06 10:46:28.827844',1),(113,'Where are thh three major political parties currently represented in the House of Commons?',6,'2018-09-10 20:39:41.247891',1),(114,'Does the Prime Minister choose the ministers of the Crown?',6,'2018-09-10 20:40:34.461208',1),(115,'How does a party become the Official Opposition or Her Majesty\'s Loyal Opposition?',6,'2018-09-10 20:42:34.599477',1),(116,'The role of the opposition parties is to derail the Prime Minister agenda at any cost.',6,'2018-09-10 20:43:08.420671',1),(117,'The role of opposition parties is to peacefully oppose or try to imrpove government proposals.',6,'2018-09-10 20:43:36.360380',1),(118,'What are by-laws?',6,'2018-09-10 20:46:30.221576',1),(119,'What are municipal governments normally responsible for?',6,'2018-09-10 20:48:59.530828',1),(120,'What is the name of the current Governor General?',6,'2018-09-10 20:50:49.583872',1),(121,'Who is the current prime minister?',6,'2018-09-10 20:51:29.762833',1),(122,'What is the name of the Federal political party that is currently in power?',6,'2018-09-10 20:52:23.991655',1),(123,'What is the name of the Leader of the Official Opposition?',6,'2018-09-10 20:54:00.453824',1),(124,'What is the name of the party representing Her Majesty\'s Loyal Opposition?',6,'2018-09-10 20:55:00.301125',1),(125,'What is the Member of Parliament (MP) for Mississauga Erin Mills.',6,'2018-09-10 20:58:02.635182',1),(126,'What is your electoral district?',6,'2018-09-10 20:59:04.204370',1),(127,'Who is the Lieutenant Governor of Ontario?',6,'2018-09-10 21:00:23.358057',1),(128,'The current Premier of Ontario is?',6,'2018-09-11 01:10:42.955876',1),(129,'Who is the Mayor of Mississauga?',6,'2018-09-11 01:11:30.912229',1),(130,'What Party is currently the majority government in Ontario?',6,'2018-09-11 01:12:58.170005',1),(131,'Which party forms the official Opposition in Ontario?',6,'2018-09-11 01:13:44.157046',1),(132,'What does the presumption of innocence mean?',7,'2018-09-11 01:16:00.039430',1),(133,'What is Due process?',7,'2018-09-11 01:17:54.219464',1),(134,'The blindfolded Lady Justice symbolizes the impartial manner in which our laws are administered.',7,'2018-09-11 01:18:29.039033',1),(135,'The blindfolded Lady Justice symbolizes that everyone will judged in a court of law.',1,'2018-09-11 01:19:15.289761',1),(136,'The law in Canada applies to everyone except politicians.',7,'2018-09-11 01:19:52.577171',1),(137,'What is Canada\'s highest court?',7,'2018-09-11 01:20:29.652124',1),(138,'Manitoba and Saskatchewan have provincial police forces.',7,'2018-09-11 01:21:26.094710',1),(139,'Ontario and Quebec have provincial police forces.',7,'2018-09-11 01:21:40.527878',1),(140,'What is the role of the Royal Canadian Mounted Police (RCMP)?',7,'2018-09-11 01:24:09.468575',1),(141,'If you cannot pay for a lawyer, in most communities there are legal aid services available free of charge or at a low cost.',7,'2018-09-11 01:24:48.523886',1),(142,'When did Queen Elizabeth II become Queen of Canada?',8,'2018-09-11 01:27:12.381493',1),(143,'The Crown has been a symbol of the state in Canada for 400 years.',8,'2018-09-11 01:28:03.922025',1),(144,'The Crown has been a symbol of the state in Canada for 150 years.',8,'2018-09-11 01:28:15.524095',1),(145,'How long was the Canadian Red Ensign flag used as the Canadian national flag?',8,'2018-09-11 01:29:42.792960',1),(146,'When was the new Canadian flag (red-white-red) established?',8,'2018-09-11 01:30:12.462877',1),(147,'Where did the new Canadian flag pattern (red-white-red) come from?',8,'2018-09-11 01:32:09.961299',1),(148,'When was the maple leaf adopted as a symbol by French-Canadians?',8,'2018-09-11 01:33:03.782242',1),(149,'Since when have maple leafs appears on Canadian uniforms and insignia?',8,'2018-09-11 01:33:38.607218',1),(150,'The maple leaf is carved into the headstones of Canadian fallen soldiers buried overseas and in Canada.',8,'2018-09-11 01:34:09.758699',1),(151,'What is the fleur-de-lys?',8,'2018-09-11 01:36:37.531854',1),(152,'What did the Fleur-de-lys initially represent?',8,'2018-09-11 01:39:17.105304',1),(153,'The fleur-de-lys symbol was included in the Canadian Red Ensign flag.',8,'2018-09-11 01:39:42.515509',1),(154,'What is the Canadian Red Ensign?',8,'2018-09-11 01:42:18.555131',1),(155,'What does \'A Mari Usque Ad Mare\' mean?',8,'2018-09-11 01:44:08.463322',1),(156,'When did Canada adopt an official coat of arms?',8,'2018-09-11 01:45:00.106929',1),(157,'The Canadian coat of arms contain symbols of England, France, United States, and Ireland as well as red maple leaves',7,'2018-09-11 01:45:38.271383',1),(158,'The Canadian coat of arms contain symbols of England, France, Scotland, and Ireland as well as red maple leaves',8,'2018-09-11 01:45:53.862095',1),(159,'What architecture style do the Parliament buildings follow?',8,'2018-09-12 13:15:46.123231',1),(160,'When were the Parliament buildings initially built/completed?',8,'2018-09-12 13:16:29.230748',1),(161,'When was the accidental fire that destroy the Parliament buildings Center Block?',8,'2018-09-12 13:17:08.971087',1),(162,'When was the parliament Centre Block rebuilt after the accidental fire?',8,'2018-09-12 13:17:45.050002',1),(163,'What is the only remaining original Parliament building after an accidental fire destroyed most buildings?',8,'2018-09-12 13:19:14.008297',1),(164,'What event is the Peace Tower a memorial for?',8,'2018-09-12 13:27:59.603701',1),(165,'What is written in the Books of Remembrance in the Memorial Chamber of the Peace Tower?',8,'2018-09-12 13:30:32.383805',1),(166,'What architecture style is the Quebec National Assembly built in?',8,'2018-09-12 13:31:39.399524',1),(167,'What is considered to be Canada\'s national winter sport?',8,'2018-09-12 13:33:06.468984',1),(168,'When was ice hockey invented?',8,'2018-09-12 13:33:40.064111',1),(169,'What is the championship trophy of the National Hockey League?',8,'2018-09-12 13:35:19.660685',1),(170,'Who donated the National Hockey League championship trophy?',8,'2018-09-12 13:37:35.621652',1),(171,'What is the Clarkson Cup?',8,'2018-09-12 13:38:50.297023',1),(172,'Who introduced Curling to Canada?',8,'2018-09-12 13:39:36.865259',1),(173,'Who first started playing Lacrosse?',8,'2018-09-12 13:40:25.706141',1),(174,'Which sport has more registered players than any other in Canada?',8,'2018-09-12 13:40:53.414202',1),(175,'The beaver was originally a symbol of the Hudson\'s Bay Company',8,'2018-09-12 13:41:31.172120',1),(176,'The brown bear was originally a symbol of the Hudson\'s Bay Company',8,'2018-09-12 13:41:45.871550',1),(177,'The beaver can be seen on what Canadian coin?',8,'2018-09-12 13:42:25.925565',1),(178,'The beaver is included in the coat of arms of Saskatchewan and Alberta.',8,'2018-09-12 13:42:54.820032',1),(179,'The beaver is included in the coat of arms of Ontario and Quebec.',8,'2018-09-12 13:43:09.767682',1),(180,'Which group adopted the beaver as their emblem in 1834?',8,'2018-09-12 13:44:29.622057',1),(181,'When did Parliament pass the Official Languages Act?',8,'2018-09-12 13:45:00.939424',1),(182,'When was O Canada proclaimed as the National Anthem?',8,'2018-09-12 13:45:36.280304',1),(183,'When was O Canada first sung?',8,'2018-09-12 13:45:55.966136',1),(184,'Where was O Canada first sung?',8,'2018-09-12 13:46:17.722860',1),(185,'French and English Canadians sing different word to the O Canada National Anthem.',8,'2018-09-12 13:46:45.419981',1),(186,'What is the Royal Anthem of Canada?',8,'2018-09-12 13:47:57.470303',1),(187,'Canada used the British honours system for many years before adopting its own system in 1967.',8,'2018-09-12 13:48:49.226384',1),(188,'Canada used the British honours system for many years before adopting its own system in 1957.',8,'2018-09-12 13:49:06.333769',1),(189,'How many Victoria Crosses have been awarded since 1854?',8,'2018-09-12 13:50:07.263662',1),(190,'Which person has not received a Victoria Cross?',8,'2018-09-12 13:52:34.841904',1),(191,'Why was Lieutenant Alexander Roberts Dunn given a Victoria Cross?',8,'2018-09-12 14:07:34.521082',1),(192,'Why was Able Seaman William Hall Dunn given a Victoria Cross?',8,'2018-09-12 14:08:04.672782',1),(193,'Why was Corporal Filip Konowal given a Victoria Cross?',8,'2018-09-12 14:08:38.490273',1),(194,'Why was Captain Billy Bishop given a Victoria Cross?',8,'2018-09-12 14:09:12.056285',1),(195,'Why was Captain Paul Triquet given a Victoria Cross?',1,'2018-09-12 14:09:42.663954',1),(196,'Why was Lieutenant Robert Hampton Gray given a Victoria Cross?',8,'2018-09-12 14:10:19.277870',1),(197,'Who was the last Canadian to receive the Victoria Cross?',8,'2018-09-12 14:11:49.257893',1),(198,'When is Sir John A. Macdonald Day?',8,'2018-09-12 14:13:17.154351',1),(199,'When is Vimy Day?',8,'2018-09-12 14:13:42.539824',1),(200,'When is Victoria Day?',8,'2018-09-12 14:14:25.116267',1),(201,'When is Fete Nationale Day?',8,'2018-09-12 14:14:51.353585',1),(202,'When is Rememberance Day?',8,'2018-09-12 14:15:13.016104',1),(203,'When is Sir Wilfrid Laurier Day?',8,'2018-09-12 14:15:35.877408',1),(204,'What year did Canada enact a free trade agreement with the United States?',9,'2018-09-20 12:47:38.008787',1),(205,'What year did Mexico join the Free trade agreement with Canada and the United States?',9,'2018-09-20 12:48:17.714225',1),(206,'What is the name of the free trade agreement between Canada, Mexico and the United States?',9,'2018-09-20 12:52:49.833000',1),(207,'Canada has one of the five largest economies in the world.',9,'2018-09-20 12:53:28.767432',1),(208,'Canada has one of the ten largest economies in the world.',9,'2018-09-20 12:53:44.994136',1),(209,'Canada is part of the G8 group.',9,'2018-09-20 12:54:12.837527',1),(210,'What are the countries included in the G8 group?',9,'2018-09-20 12:55:51.322663',1),(211,'What are Canada\'s three main types of Industry?',9,'2018-09-20 12:58:13.175674',1),(212,'What percentage of working Canadians have jobs in service industries?',9,'2018-09-20 12:58:58.335363',1),(213,'Who is Canada\'s largest trading partner?',9,'2018-09-20 13:03:07.506750',1),(214,'Canada is a part of the world\'s biggest bilateral trading relationship.',9,'2018-09-20 13:04:02.022218',1),(215,'What percentage of Canadian exports are destined for the United States.',9,'2018-09-20 13:04:36.740335',1),(216,'Which countries share the world\'s longest undefended border?',9,'2018-09-20 13:05:37.277352',1),(217,'What does the Peace Arch in Blaine, Washington represent?',9,'2018-09-20 13:08:05.874825',1),(218,'What words are inscribed on the Peace Arch?',9,'2018-09-20 13:10:40.923974',1),(219,'What are the five regions of Canada?',10,'2018-09-22 12:08:54.687155',1),(220,'What is Canada\'s capital?',10,'2018-09-22 12:09:27.381381',1),(221,'When was Ottawa chosen as the capital of Canada?',10,'2018-09-22 12:10:01.872868',1),(222,'Who chose Ottawa as Canada\'s capital city?',10,'2018-09-22 12:10:56.413036',1),(223,'How many provinces and territories does Canada have?',10,'2018-09-22 12:11:57.716234',1),(224,'Approximately how many people live in Canada?',10,'2018-09-22 12:12:29.717930',1),(225,'What provinces are in the Atlantic region?',10,'2018-09-22 12:13:48.969984',1),(226,'What provinces are in Central Canada?',10,'2018-09-22 12:14:46.423137',1),(227,'What provinces are in the Prairies?',10,'2018-09-22 12:15:41.010021',1),(228,'What provinces are in Canada\'s West Coast?',10,'2018-09-22 12:16:16.864893',1),(229,'What territories are in Canada\'s North region?',10,'2018-09-22 12:17:29.842544',1),(230,'What is Newfoundland and Labradors capital city?',10,'2018-09-22 12:18:01.892241',1),(231,'What is Prince Edward Island\'s capital city?',10,'2018-09-22 12:18:32.150148',1),(232,'What is Nova Scotia\'s capital city?',10,'2018-09-22 12:18:58.442093',1),(233,'What is New Brunswick\'s capital city?',10,'2018-09-22 12:19:20.728331',1),(234,'What is Quebec\'s capital city?',10,'2018-09-22 12:19:44.075984',1),(235,'What is Ontario\'s capital city?',10,'2018-09-22 12:20:02.002902',1),(236,'What is Manitoba\'s capital city?',10,'2018-09-22 12:20:22.166428',1),(237,'What is Saskatchewan\'s capital city?',10,'2018-09-22 12:20:47.408053',1),(238,'What is Alberta\'s capital city?',10,'2018-09-22 12:21:09.591781',1),(239,'What is British Columbia\'s capital city?',10,'2018-09-22 12:21:35.768627',1),(240,'What is Nunavut\'s capital city?',10,'2018-09-22 12:21:59.548627',1),(241,'What is Northwest Territories\' capital city?',10,'2018-09-22 12:22:27.182757',1),(242,'What is Yukon Territories capital city?',10,'2018-09-22 12:22:57.829715',1),(244,'Which Canadian province is the most easterly point in North America?',10,'2018-09-22 21:15:20.265691',1),(245,'Newfoundland and Labrador has its own time zone?',10,'2018-09-22 21:16:03.419374',1),(246,'Which province was the oldest Canadian colony of the British Empire?',10,'2018-09-22 21:18:22.435386',1),(247,'Labrador has no hydro-electric resources',10,'2018-09-22 21:19:14.648234',1),(248,'Which industry contributes a substantial part of the Newfoundland economy?',10,'2018-09-22 21:20:14.896061',1),(249,'What is the smallest Canadian province?',10,'2018-09-22 21:20:53.090926',1),(250,'Prince Edward Island is known for its red soil',10,'2018-09-22 21:21:24.153914',1),(251,'Prince Edward Island is known for its pitch black potatoes.',10,'2018-09-22 21:21:50.891006',1),(252,'Which province is the birthplace of Confederation?',10,'2018-09-22 21:22:27.430531',1),(253,'What is the name of the bridge that connects Prince Edward Island to mainland Canada?',10,'2018-09-22 21:23:58.428725',1),(254,'Which province was the Anne of Green Gables story set in?',10,'2018-09-22 21:24:33.715710',1),(255,'Who is the author of Anne of Green Gabels?',10,'2018-09-22 21:25:55.043048',1),(256,'Which is the most populous Atlantic Province?',10,'2018-09-22 21:26:48.455758',1),(257,'Which Canadian province contains the Bay of Fundy?',10,'2018-09-22 21:27:26.317452',1),(258,'What is Canada\'s largest east coast seaport?',10,'2018-09-22 21:28:38.022082',1),(259,'British Columbia houses Canada\'s largest naval base.',10,'2018-09-22 21:29:09.489435',1),(260,'Nova Scotia contains Canada\'s largest naval base.',10,'2018-09-22 21:29:30.330590',1),(261,'Nova Scotia is home to over 700 annual festivals.',10,'2018-09-22 21:30:30.534728',1),(262,'Nova Scotia has a long industry history of:',10,'2018-09-22 21:32:19.317976',1),(263,'Who founded the New Brunswick province?',10,'2018-09-22 21:35:36.793452',1),(264,'New Brunswick contains the largest river system on North America\'s Atlantic coastline.',10,'2018-09-22 21:36:22.157172',1),(265,'New Brunswick contains the second largest river system on North America\'s Atlantic coastline.',10,'2018-09-22 21:36:37.583323',1),(266,'What is the name of New Brunswick\'s famous river system?',10,'2018-09-22 21:37:42.867503',1),(267,'What are New Brunswick\'s principal industries?',10,'2018-09-22 21:40:05.723462',1),(268,'What is the principal Francophone Acadian centre?',10,'2018-09-22 21:40:49.890968',1),(269,'What percentage of New Brunswick\'s population lives and works in French?',10,'2018-09-22 21:41:50.843856',1),(270,'What percentage of Canada\'s population lives in Ontario and Quebec',10,'2018-09-22 21:43:49.547899',1),(271,'Which Canada region is known as the industrial and manufacturing heartland?',10,'2018-09-22 21:44:23.907102',1),(272,'How much of Canada\'s manufactured goods do Ontario and Quebec produce together?',10,'2018-09-22 21:44:58.009142',1),(273,'How many people live in Quebec?',10,'2018-09-22 21:45:31.521154',1),(274,'Montreal is Canada\'s second largest city.',10,'2018-09-22 21:46:24.297339',1),(275,'Montreal is the largest mainly French-speaking city in the world.',10,'2018-09-22 21:46:52.398184',1),(276,'Which province is Canada\'s largest producer of hydro-electricity?',10,'2018-09-22 21:47:25.927935',1),(277,'Which province is Canada\'s largest provider of pulp and paper?',10,'2018-09-22 21:47:58.179249',1),(278,'How many people live in Ontario?',10,'2018-09-22 21:49:29.785284',1),(279,'Ontario makes up more than one-third of all Canadians.',10,'2018-09-22 21:49:54.041130',1),(280,'Which city is Canada\'s main financial centre?',10,'2018-09-22 21:50:36.217777',1),(281,'Which provinces has the largest Frenchspeaking population outside of Quebec?',10,'2018-09-22 21:51:32.349809',1),(282,'How many Great Lakes are located in Canada?',10,'2018-09-22 21:52:03.131102',1),(283,'What are the names of the five Great Lakes between Ontario and the United States?',10,'2018-09-22 21:56:01.535448',1),(284,'What two industries do most people in Ontario work in?',10,'2018-09-22 21:56:57.332069',1),(285,'What is the largest fresh water lake in the world?',10,'2018-09-22 21:57:25.472593',1),(286,'Which Canadian region has some of the most fertile farmland in the world?',10,'2018-09-22 21:59:13.157404',1),(287,'Manitoba\'s economy is based on:',10,'2018-09-22 22:01:01.148815',1),(288,'What is Canada\'s most famous street intersection?',10,'2018-09-22 22:03:22.647043',1),(289,'What percentage of Manitoba\'s population has Ukranian origins?',10,'2018-09-22 22:04:06.825333',1),(290,'Which province has the largest percentage of Aboriginal population?',10,'2018-09-22 22:04:40.778878',1),(291,'Which province was once known as the \"breadbasket of the world\"?',10,'2018-09-22 22:05:24.976747',1),(292,'Which province is Canada\'s largest producer of grains and oilseeds?',10,'2018-09-22 22:06:01.928659',1),(293,'Which provinces boasts the world\'s richest uranium deposits?',10,'2018-09-22 22:06:52.771462',1),(294,'Which province is home to the training academy of the Royal Canadian Mounted Police?',10,'2018-09-22 22:07:34.515318',1),(295,'What is the Prairie\'s most populated province?',10,'2018-09-22 23:22:40.904476',1),(296,'Which province contained the world-famous Lake Louise?',10,'2018-09-22 23:23:08.728162',1),(297,'Who was Lake Louise named after?',10,'2018-09-22 23:24:31.362388',1),(298,'How many national parks does Alberta have?',10,'2018-09-22 23:24:52.436859',1),(299,'When was Banff National Park in Alberta established?',10,'2018-09-22 23:25:26.341851',1),(300,'Which province houses some of the world\'s richest deposits of prehistoric fossils and dinosaur finds?',10,'2018-09-22 23:26:21.223831',1),(301,'What is the name of the area that houses Canada\'s richest deposits of prehistoric fossils and dinosaur finds?',10,'2018-09-22 23:28:06.001965',1),(302,'Which province is Canada\'s largest producer of oil and gas?',10,'2018-09-22 23:28:35.765238',1),(303,'The \'oil sands\' in Northern Alberta are being developed as a major energy source.',10,'2018-09-22 23:29:14.395473',1),(304,'Which province contributes vast cattle ranches that make Canada one of the world\'s major beef producers?',10,'2018-09-22 23:30:24.258876',1),(305,'Which province is known as Canada\'s Pacific gateway?',10,'2018-09-22 23:31:01.833978',1),(306,'What is Canada\'s largest and busiest seaport?',10,'2018-09-22 23:33:09.945772',1),(307,'British Columbia has the coldest weather in all of Canada.',10,'2018-09-22 23:33:42.872204',1),(308,'What is Canada\'s western most province?',10,'2018-09-22 23:40:29.787194',1),(309,'The port of Vancouver is Canada\'s gateway to the Asia-Pacific.',10,'2018-09-22 23:40:57.464750',1),(310,'About one-half of all goods produced in British Columbia are what kind of products?',10,'2018-09-22 23:42:02.338542',1),(311,'Which province has the most valuable forestry industry in Canada?',10,'2018-09-22 23:42:48.133995',1),(312,'Approximately how many provincial parks exist in British Columbia?',10,'2018-09-22 23:43:27.277135',1),(313,'What are the second most common languages in British Columbia after English?',10,'2018-09-22 23:44:29.117907',1),(314,'Which province is the headquarters to the Canadian navy\'s Pacific fleet?',10,'2018-09-22 23:45:12.449010',1),(315,'How much of Canada\'s land mass is contained in the Northern Territories?',10,'2018-09-22 23:47:31.085304',1),(316,'Approximately how many people live in Canada\'s Northern Territories?',10,'2018-09-22 23:48:09.705098',1),(317,'Canada\'s North is often referred to as the \"Land of Never-ending Sun\"',10,'2018-09-22 23:48:48.996255',1),(318,'Canada\'s North is often referred to as the \"Land of the Midnight Sun\".',10,'2018-09-22 23:49:12.707409',1),(319,'Why is Canada\'s Northern Territories referred to as the \"Land of the Midnight Sun\"?',10,'2018-09-22 23:51:06.189375',1),(320,'In Canada\'s Northern territories during winter, the sun disappears and darkness sets in for three months.',10,'2018-09-22 23:51:47.293480',1),(321,'Intuit Art is sold throughout Canada and around the world.',10,'2018-09-23 00:04:12.131387',1),(322,'Because of the cold Arctic climate, the Northern Territories have some of the most valuable forestry patches in the world.',10,'2018-09-23 00:04:53.756505',1),(323,'What is the coldest temperature ever recorded in Canada?',10,'2018-09-23 00:06:13.265246',1),(324,'Thousands of miners came to which Canada province/territory for the Gold rush of the 1890s?',10,'2018-09-23 00:07:12.979806',1),(325,'Which industry is the biggest part of the Yukon\'s economy?',10,'2018-09-23 00:07:58.466200',1),(326,'What is the highest Mountain in Canada?',10,'2018-09-23 00:09:03.403385',1),(327,'Who was Sir William Logan?',10,'2018-09-23 00:11:54.036400',1),(328,'Who founded and directed the Geological Survey of Canada from 1842 to 1869?',10,'2018-09-23 00:13:03.126915',1),(329,'Sir William Logan is considered one of Canada\'s greatest scientists.',10,'2018-09-23 00:13:31.074729',1),(330,'What year was the Northwest Territories initially created?',10,'2018-09-23 01:00:16.925539',1),(331,'Which city is Canada is known as the \"diamond capital of North America\"?',10,'2018-09-23 01:01:15.178023',1),(332,'What is the population of Yellowknife?',10,'2018-09-23 01:01:51.328267',1),(333,'More than 90% of the population of Yellowknife is Aboriginal.',10,'2018-09-23 01:02:32.643896',1),(334,'What river system in the Northwest Territories runs for 4,200 kilometers?',10,'2018-09-23 01:04:27.102508',1),(335,'What does Nunavut mean in Inukititut?',10,'2018-09-23 01:05:16.291451',1),(336,'When was Nunavut established?',10,'2018-09-23 01:05:47.353544',1),(337,'What was Iqaluit (capital of Nunavut) originally called?',10,'2018-09-23 01:07:05.433179',1),(338,'Who was Martin Frobisher?',10,'2018-09-23 01:09:52.852472',1),(339,'What percentage of the population in Nunavut is Inuit?',10,'2018-09-23 01:10:38.085853',1),(340,'What is the official language of Nunavut (and first language taught in schools)',10,'2018-09-23 01:11:20.651865',1),(341,'The Canadian Rangers keep the Canadian flag flying in Canada\'s Arctic.',10,'2018-09-23 01:12:50.938185',1),(342,'The Canadian Rangers are part of the Canadian Forces Reserves (militia).',10,'2018-09-23 01:13:23.168556',1),(343,'What are three responsibilities of citizenship?',1,'2018-09-23 01:14:50.684953',1),(344,'What is the meaning of the Remembrance Day poppy?',3,'2018-09-23 01:15:51.780150',1),(345,'How are Members of Parliament chosen?',5,'2018-09-23 01:16:48.750698',1);
/*!40000 ALTER TABLE `question_question` ENABLE KEYS */;
UNLOCK TABLES;

--
-- Table structure for table `question_result`
--

DROP TABLE IF EXISTS `question_result`;
/*!40101 SET @saved_cs_client     = @@character_set_client */;
/*!40101 SET character_set_client = utf8 */;
CREATE TABLE `question_result` (
  `id` int(11) NOT NULL AUTO_INCREMENT,
  `testing_date` datetime(6) NOT NULL,
  `correct` tinyint(1) NOT NULL,
  `question_id` int(11) NOT NULL,
  `user_id` int(11) NOT NULL,
  `answer_id` int(11) NOT NULL,
  PRIMARY KEY (`id`),
  KEY `question_result_question_id_f9bccdc5_fk_question_question_id` (`question_id`),
  KEY `question_result_user_id_29f205e7_fk_auth_user_id` (`user_id`),
  KEY `question_result_answer_id_d402c617_fk_question_answer_id` (`answer_id`),
  CONSTRAINT `question_result_answer_id_d402c617_fk_question_answer_id` FOREIGN KEY (`answer_id`) REFERENCES `question_answer` (`id`),
  CONSTRAINT `question_result_question_id_f9bccdc5_fk_question_question_id` FOREIGN KEY (`question_id`) REFERENCES `question_question` (`id`),
  CONSTRAINT `question_result_user_id_29f205e7_fk_auth_user_id` FOREIGN KEY (`user_id`) REFERENCES `auth_user` (`id`)
) ENGINE=InnoDB AUTO_INCREMENT=761 DEFAULT CHARSET=latin1;
/*!40101 SET character_set_client = @saved_cs_client */;

--
-- Dumping data for table `question_result`
--

LOCK TABLES `question_result` WRITE;
/*!40000 ALTER TABLE `question_result` DISABLE KEYS */;
INSERT INTO `question_result` VALUES (1,'2018-09-04 20:16:32.029348',0,7,1,23),(2,'2018-09-04 20:16:32.029348',1,20,1,65),(3,'2018-09-04 20:16:32.029348',0,28,1,92),(4,'2018-09-04 20:16:32.029348',0,29,1,97),(5,'2018-09-04 20:16:32.029348',0,40,1,140),(6,'2018-09-04 20:16:32.029348',0,49,1,178),(7,'2018-09-04 20:16:32.029348',1,66,1,241),(8,'2018-09-04 20:16:32.029348',0,87,1,317),(9,'2018-09-04 20:16:32.029348',0,92,1,335),(10,'2018-09-04 20:16:32.029348',1,94,1,339),(11,'2018-09-04 20:37:47.899189',1,1,2,1),(12,'2018-09-04 20:37:47.899189',1,2,2,3),(13,'2018-09-04 20:37:47.899189',1,3,2,7),(14,'2018-09-04 20:37:47.899189',1,4,2,11),(15,'2018-09-04 20:37:47.899189',1,8,2,25),(16,'2018-09-04 20:37:47.899189',1,11,2,37),(17,'2018-09-04 20:37:47.899189',1,14,2,49),(18,'2018-09-04 20:37:47.899189',1,15,2,51),(19,'2018-09-04 20:37:47.899189',1,18,2,57),(20,'2018-09-04 20:37:47.899189',1,20,2,65),(21,'2018-09-04 20:37:47.899189',1,22,2,73),(22,'2018-09-04 20:37:47.899189',1,24,2,81),(23,'2018-09-04 20:37:47.899189',1,25,2,83),(24,'2018-09-04 20:37:47.899189',0,27,2,90),(25,'2018-09-04 20:37:47.899189',1,29,2,95),(26,'2018-09-04 20:37:47.899189',1,31,2,103),(27,'2018-09-04 20:37:47.899189',1,34,2,115),(28,'2018-09-04 20:37:47.899189',0,35,2,121),(29,'2018-09-04 20:37:47.899189',1,36,2,123),(30,'2018-09-04 20:37:47.899189',1,37,2,127),(31,'2018-09-04 20:37:47.899189',1,38,2,131),(32,'2018-09-04 20:37:47.899189',1,39,2,135),(33,'2018-09-04 20:37:47.899189',1,41,2,143),(34,'2018-09-04 20:37:47.899189',1,42,2,147),(35,'2018-09-04 20:37:47.899189',1,44,2,155),(36,'2018-09-04 20:37:47.899189',1,45,2,159),(37,'2018-09-04 20:37:47.899189',1,46,2,163),(38,'2018-09-04 20:37:47.899189',1,49,2,175),(39,'2018-09-04 20:37:47.899189',1,53,2,191),(40,'2018-09-04 20:37:47.899189',1,57,2,207),(41,'2018-09-04 20:37:47.899189',1,60,2,217),(42,'2018-09-04 20:37:47.899189',1,61,2,221),(43,'2018-09-04 20:37:47.899189',1,64,2,233),(44,'2018-09-04 20:37:47.899189',0,65,2,238),(45,'2018-09-04 20:37:47.899189',0,67,2,246),(46,'2018-09-04 20:37:47.899189',1,73,2,269),(47,'2018-09-04 20:37:47.899189',1,77,2,285),(48,'2018-09-04 20:37:47.899189',0,80,2,294),(49,'2018-09-04 20:37:47.899189',1,81,2,295),(50,'2018-09-04 20:37:47.899189',1,83,2,301),(51,'2018-09-04 20:37:47.899189',1,84,2,303),(52,'2018-09-04 20:37:47.899189',1,85,2,307),(53,'2018-09-04 20:37:47.899189',1,87,2,315),(54,'2018-09-04 20:37:47.899189',1,89,2,321),(55,'2018-09-04 20:37:47.899189',1,90,2,325),(56,'2018-09-04 20:37:47.899189',1,92,2,333),(57,'2018-09-04 20:37:47.899189',1,93,2,337),(58,'2018-09-04 20:37:47.899189',1,95,2,343),(59,'2018-09-04 20:37:47.899189',0,97,2,352),(60,'2018-09-04 20:37:47.899189',1,98,2,355),(61,'2018-09-04 20:45:54.235500',1,3,2,7),(62,'2018-09-04 20:45:54.235500',1,16,2,53),(63,'2018-09-04 20:45:54.235500',1,21,2,69),(64,'2018-09-04 20:45:54.235500',1,26,2,87),(65,'2018-09-04 20:45:54.235500',1,31,2,103),(66,'2018-09-04 20:45:54.235500',1,34,2,115),(67,'2018-09-04 20:45:54.235500',1,36,2,123),(68,'2018-09-04 20:45:54.235500',1,43,2,151),(69,'2018-09-04 20:45:54.235500',1,46,2,163),(70,'2018-09-04 20:45:54.235500',1,50,2,179),(71,'2018-09-04 20:45:54.235500',1,55,2,199),(72,'2018-09-04 20:45:54.235500',1,62,2,225),(73,'2018-09-04 20:45:54.235500',1,70,2,257),(74,'2018-09-04 20:45:54.235500',1,75,2,277),(75,'2018-09-04 20:45:54.235500',1,77,2,285),(76,'2018-09-04 20:45:54.235500',0,83,2,302),(77,'2018-09-04 20:45:54.235500',0,89,2,324),(78,'2018-09-04 20:45:54.235500',1,90,2,325),(79,'2018-09-04 20:45:54.235500',1,92,2,333),(80,'2018-09-04 20:45:54.235500',0,96,2,348),(81,'2018-09-04 20:50:53.924357',1,2,2,3),(82,'2018-09-04 20:50:53.924357',1,4,2,11),(83,'2018-09-04 20:50:53.924357',1,5,2,13),(84,'2018-09-04 20:50:53.924357',1,8,2,25),(85,'2018-09-04 20:50:53.924357',1,9,2,29),(86,'2018-09-04 20:50:53.924357',1,10,2,33),(87,'2018-09-04 20:50:53.924357',1,23,2,77),(88,'2018-09-04 20:50:53.924357',1,40,2,139),(89,'2018-09-04 20:50:53.924357',1,66,2,241),(90,'2018-09-04 20:50:53.924357',1,92,2,333),(91,'2018-09-04 20:51:58.996064',1,3,2,7),(92,'2018-09-04 20:51:58.996064',1,11,2,37),(93,'2018-09-04 20:51:58.996064',1,14,2,49),(94,'2018-09-04 20:51:58.996064',1,16,2,53),(95,'2018-09-04 20:51:58.996064',1,17,2,55),(96,'2018-09-04 20:51:58.996064',1,19,2,61),(97,'2018-09-04 20:51:58.996064',1,20,2,65),(98,'2018-09-04 20:51:58.996064',1,24,2,81),(99,'2018-09-04 20:51:58.996064',1,25,2,83),(100,'2018-09-04 20:51:58.996064',1,26,2,87),(101,'2018-09-04 20:54:36.721317',1,30,2,99),(102,'2018-09-04 20:54:36.721317',1,32,2,107),(103,'2018-09-04 20:54:36.721317',1,33,2,111),(104,'2018-09-04 20:54:36.721317',1,34,2,115),(105,'2018-09-04 20:54:36.721317',1,38,2,131),(106,'2018-09-04 20:54:36.721317',1,39,2,135),(107,'2018-09-04 20:54:36.721317',1,41,2,143),(108,'2018-09-04 20:54:36.721317',1,42,2,147),(109,'2018-09-04 20:54:36.721317',1,43,2,151),(110,'2018-09-04 20:54:36.721317',1,45,2,159),(111,'2018-09-04 20:57:13.627971',1,46,2,163),(112,'2018-09-04 20:57:13.627971',0,49,2,176),(113,'2018-09-04 20:57:13.627971',1,51,2,183),(114,'2018-09-04 20:57:13.627971',1,52,2,187),(115,'2018-09-04 20:57:13.627971',1,55,2,199),(116,'2018-09-04 20:57:13.627971',0,56,2,206),(117,'2018-09-04 20:57:13.627971',1,58,2,211),(118,'2018-09-04 20:57:13.627971',1,65,2,237),(119,'2018-09-04 20:57:13.627971',1,68,2,249),(120,'2018-09-04 20:57:13.627971',1,69,2,253),(121,'2018-09-04 21:00:20.145823',1,73,2,269),(122,'2018-09-04 21:00:20.145823',1,75,2,277),(123,'2018-09-04 21:00:20.145823',1,77,2,285),(124,'2018-09-04 21:00:20.145823',1,81,2,295),(125,'2018-09-04 21:00:20.145823',1,83,2,301),(126,'2018-09-04 21:00:20.145823',1,84,2,303),(127,'2018-09-04 21:00:20.145823',1,85,2,307),(128,'2018-09-04 21:00:20.145823',1,91,2,329),(129,'2018-09-04 21:00:20.145823',1,93,2,337),(130,'2018-09-04 21:00:20.145823',1,94,2,339),(131,'2018-09-04 21:00:52.651454',1,98,2,355),(132,'2018-09-04 21:03:36.858886',1,5,2,13),(133,'2018-09-04 21:03:36.858886',1,11,2,37),(134,'2018-09-04 21:03:36.858886',1,13,2,45),(135,'2018-09-04 21:03:36.858886',1,37,2,127),(136,'2018-09-04 21:03:36.858886',1,40,2,139),(137,'2018-09-04 21:03:36.858886',1,61,2,221),(138,'2018-09-04 21:03:36.858886',1,64,2,233),(139,'2018-09-04 21:03:36.858886',1,73,2,269),(140,'2018-09-04 21:03:36.858886',1,76,2,281),(141,'2018-09-04 21:03:36.858886',1,94,2,339),(142,'2018-09-04 21:17:48.489789',1,2,2,3),(143,'2018-09-04 21:17:48.489789',1,3,2,7),(144,'2018-09-04 21:17:48.489789',1,4,2,11),(145,'2018-09-04 21:17:48.489789',1,6,2,17),(146,'2018-09-04 21:17:48.489789',1,10,2,33),(147,'2018-09-04 21:17:48.489789',1,11,2,37),(148,'2018-09-04 21:17:48.489789',1,13,2,45),(149,'2018-09-04 21:17:48.489789',1,14,2,49),(150,'2018-09-04 21:17:48.489789',1,18,2,57),(151,'2018-09-04 21:17:48.489789',1,21,2,69),(152,'2018-09-04 21:17:48.489789',1,23,2,77),(153,'2018-09-04 21:17:48.489789',1,24,2,81),(154,'2018-09-04 21:17:48.489789',1,25,2,83),(155,'2018-09-04 21:17:48.489789',1,28,2,91),(156,'2018-09-04 21:17:48.489789',1,29,2,95),(157,'2018-09-04 21:17:48.489789',1,31,2,103),(158,'2018-09-04 21:17:48.489789',1,32,2,107),(159,'2018-09-04 21:17:48.489789',1,34,2,115),(160,'2018-09-04 21:17:48.489789',1,37,2,127),(161,'2018-09-04 21:17:48.489789',1,38,2,131),(162,'2018-09-04 21:17:48.489789',1,39,2,135),(163,'2018-09-04 21:17:48.489789',1,40,2,139),(164,'2018-09-04 21:17:48.489789',1,43,2,151),(165,'2018-09-04 21:17:48.489789',0,46,2,166),(166,'2018-09-04 21:17:48.489789',1,47,2,167),(167,'2018-09-04 21:17:48.489789',1,51,2,183),(168,'2018-09-04 21:17:48.489789',1,52,2,187),(169,'2018-09-04 21:17:48.489789',1,58,2,211),(170,'2018-09-04 21:17:48.489789',1,61,2,221),(171,'2018-09-04 21:17:48.489789',1,62,2,225),(172,'2018-09-04 21:17:48.489789',1,63,2,229),(173,'2018-09-04 21:17:48.489789',1,64,2,233),(174,'2018-09-04 21:17:48.489789',1,66,2,241),(175,'2018-09-04 21:17:48.489789',1,67,2,245),(176,'2018-09-04 21:17:48.489789',1,68,2,249),(177,'2018-09-04 21:17:48.489789',1,71,2,261),(178,'2018-09-04 21:17:48.489789',1,73,2,269),(179,'2018-09-04 21:17:48.489789',1,76,2,281),(180,'2018-09-04 21:17:48.489789',1,77,2,285),(181,'2018-09-04 21:17:48.489789',1,81,2,295),(182,'2018-09-04 21:17:48.489789',1,83,2,301),(183,'2018-09-04 21:17:48.489789',1,87,2,315),(184,'2018-09-04 21:17:48.489789',1,89,2,321),(185,'2018-09-04 21:17:48.489789',1,90,2,325),(186,'2018-09-04 21:17:48.489789',1,91,2,329),(187,'2018-09-04 21:17:48.489789',1,92,2,333),(188,'2018-09-04 21:17:48.489789',1,94,2,339),(189,'2018-09-04 21:17:48.489789',1,96,2,347),(190,'2018-09-04 21:17:48.489789',1,97,2,351),(191,'2018-09-04 21:17:48.489789',1,98,2,355),(192,'2018-09-05 11:22:19.141508',1,1,2,1),(193,'2018-09-05 11:22:19.141508',1,2,2,3),(194,'2018-09-05 11:22:19.141508',1,3,2,7),(195,'2018-09-05 11:22:19.141508',1,4,2,11),(196,'2018-09-05 11:22:19.141508',1,7,2,21),(197,'2018-09-05 11:22:19.141508',1,12,2,41),(198,'2018-09-05 11:22:19.141508',1,13,2,45),(199,'2018-09-05 11:22:19.141508',0,15,2,52),(200,'2018-09-05 11:22:19.141508',1,20,2,65),(201,'2018-09-05 11:22:19.141508',1,21,2,69),(202,'2018-09-05 11:22:19.141508',1,25,2,83),(203,'2018-09-05 11:22:19.141508',0,27,2,90),(204,'2018-09-05 11:22:19.141508',1,29,2,95),(205,'2018-09-05 11:22:19.141508',1,30,2,99),(206,'2018-09-05 11:22:19.141508',1,31,2,103),(207,'2018-09-05 11:22:19.141508',1,32,2,107),(208,'2018-09-05 11:22:19.141508',1,34,2,115),(209,'2018-09-05 11:22:19.141508',1,38,2,131),(210,'2018-09-05 11:22:19.141508',1,41,2,143),(211,'2018-09-05 11:22:19.141508',1,42,2,147),(212,'2018-09-05 11:22:19.141508',1,43,2,151),(213,'2018-09-05 11:22:19.141508',1,47,2,167),(214,'2018-09-05 11:22:19.141508',1,50,2,179),(215,'2018-09-05 11:22:19.141508',1,51,2,183),(216,'2018-09-05 11:22:19.141508',1,52,2,187),(217,'2018-09-05 11:22:19.141508',1,54,2,195),(218,'2018-09-05 11:22:19.141508',1,55,2,199),(219,'2018-09-05 11:22:19.141508',0,56,2,206),(220,'2018-09-05 11:22:19.141508',1,58,2,211),(221,'2018-09-05 11:22:19.141508',1,59,2,215),(222,'2018-09-05 11:22:19.141508',1,60,2,217),(223,'2018-09-05 11:22:19.141508',1,62,2,225),(224,'2018-09-05 11:22:19.141508',1,63,2,229),(225,'2018-09-05 11:22:19.141508',1,64,2,233),(226,'2018-09-05 11:22:19.141508',1,66,2,241),(227,'2018-09-05 11:22:19.141508',1,67,2,245),(228,'2018-09-05 11:22:19.141508',1,71,2,261),(229,'2018-09-05 11:22:19.141508',1,72,2,265),(230,'2018-09-05 11:22:19.141508',1,73,2,269),(231,'2018-09-05 11:22:19.141508',0,79,2,290),(232,'2018-09-05 11:22:19.141508',1,81,2,295),(233,'2018-09-05 11:22:19.141508',1,83,2,301),(234,'2018-09-05 11:22:19.141508',1,84,2,303),(235,'2018-09-05 11:22:19.141508',1,85,2,307),(236,'2018-09-05 11:22:19.141508',1,86,2,311),(237,'2018-09-05 11:22:19.141508',1,92,2,333),(238,'2018-09-05 11:22:19.141508',1,93,2,337),(239,'2018-09-05 11:22:19.141508',1,94,2,339),(240,'2018-09-05 11:22:19.141508',1,97,2,351),(241,'2018-09-05 11:22:19.141508',1,98,2,355),(242,'2018-09-06 01:33:12.309311',1,2,2,3),(243,'2018-09-06 01:33:12.309311',1,3,2,7),(244,'2018-09-06 01:33:12.309311',1,4,2,11),(245,'2018-09-06 01:33:12.309311',1,5,2,13),(246,'2018-09-06 01:33:12.309311',1,6,2,17),(247,'2018-09-06 01:33:12.309311',1,7,2,21),(248,'2018-09-06 01:33:12.309311',1,9,2,29),(249,'2018-09-06 01:33:12.309311',1,10,2,33),(250,'2018-09-06 01:33:12.309311',1,13,2,45),(251,'2018-09-06 01:33:12.309311',1,14,2,49),(252,'2018-09-06 01:33:12.309311',1,17,2,55),(253,'2018-09-06 01:33:12.309311',1,19,2,61),(254,'2018-09-06 01:33:12.309311',1,20,2,65),(255,'2018-09-06 01:33:12.309311',1,22,2,73),(256,'2018-09-06 01:33:12.309311',1,26,2,87),(257,'2018-09-06 01:33:12.309311',1,28,2,91),(258,'2018-09-06 01:33:12.309311',1,29,2,95),(259,'2018-09-06 01:33:12.309311',1,31,2,103),(260,'2018-09-06 01:33:12.309311',1,32,2,107),(261,'2018-09-06 01:33:12.309311',1,34,2,115),(262,'2018-09-06 01:33:12.309311',1,36,2,123),(263,'2018-09-06 01:33:12.309311',1,37,2,127),(264,'2018-09-06 01:33:12.309311',1,39,2,135),(265,'2018-09-06 01:33:12.309311',1,42,2,147),(266,'2018-09-06 01:33:12.309311',1,43,2,151),(267,'2018-09-06 01:33:12.309311',1,48,2,171),(268,'2018-09-06 01:33:12.309311',1,49,2,175),(269,'2018-09-06 01:33:12.309311',1,50,2,179),(270,'2018-09-06 01:33:12.309311',1,51,2,183),(271,'2018-09-06 01:33:12.309311',1,54,2,195),(272,'2018-09-06 01:33:12.309311',1,56,2,203),(273,'2018-09-06 01:33:12.309311',1,58,2,211),(274,'2018-09-06 01:33:12.309311',1,59,2,215),(275,'2018-09-06 01:33:12.309311',1,63,2,229),(276,'2018-09-06 01:33:12.309311',1,64,2,233),(277,'2018-09-06 01:33:12.309311',1,65,2,237),(278,'2018-09-06 01:33:12.309311',1,68,2,249),(279,'2018-09-06 01:33:12.309311',0,69,2,256),(280,'2018-09-06 01:33:12.309311',1,70,2,257),(281,'2018-09-06 01:33:12.309311',1,72,2,265),(282,'2018-09-06 01:33:12.309311',1,74,2,273),(283,'2018-09-06 01:33:12.309311',1,77,2,285),(284,'2018-09-06 01:33:12.309311',1,84,2,303),(285,'2018-09-06 01:33:12.309311',1,85,2,307),(286,'2018-09-06 01:33:12.309311',1,86,2,311),(287,'2018-09-06 01:33:12.309311',1,90,2,325),(288,'2018-09-06 01:33:12.309311',1,91,2,329),(289,'2018-09-06 01:33:12.309311',1,93,2,337),(290,'2018-09-06 01:33:12.309311',1,95,2,343),(291,'2018-09-06 01:33:12.309311',1,98,2,355),(292,'2018-09-06 01:36:15.216041',1,29,2,95),(293,'2018-09-06 01:36:15.216041',1,30,2,99),(294,'2018-09-06 01:36:15.216041',1,31,2,103),(295,'2018-09-06 01:36:15.216041',1,32,2,107),(296,'2018-09-06 01:36:15.216041',1,33,2,111),(297,'2018-09-06 01:36:15.216041',1,34,2,115),(298,'2018-09-06 01:36:15.216041',1,35,2,119),(299,'2018-09-06 01:36:15.216041',1,36,2,123),(300,'2018-09-06 01:36:15.216041',1,37,2,127),(301,'2018-09-06 01:36:15.216041',1,38,2,131),(302,'2018-09-06 01:36:15.216041',1,39,2,135),(303,'2018-09-06 01:36:15.216041',1,41,2,143),(304,'2018-09-06 01:36:15.216041',1,42,2,147),(305,'2018-09-06 01:36:15.216041',1,43,2,151),(306,'2018-09-06 01:36:15.216041',1,44,2,155),(307,'2018-09-06 01:36:15.216041',1,45,2,159),(308,'2018-09-06 01:39:20.157873',1,1,2,1),(309,'2018-09-06 01:39:20.157873',1,2,2,3),(310,'2018-09-06 01:39:20.157873',1,5,2,13),(311,'2018-09-06 01:39:20.157873',1,6,2,17),(312,'2018-09-06 01:39:20.157873',1,7,2,21),(313,'2018-09-06 01:39:20.157873',1,9,2,29),(314,'2018-09-06 01:39:20.157873',1,23,2,77),(315,'2018-09-06 01:39:20.157873',1,40,2,139),(316,'2018-09-06 01:39:20.157873',1,66,2,241),(317,'2018-09-06 01:39:20.157873',1,92,2,333),(318,'2018-09-06 01:42:07.495419',1,3,2,7),(319,'2018-09-06 01:42:07.495419',1,11,2,37),(320,'2018-09-06 01:42:07.495419',1,12,2,41),(321,'2018-09-06 01:42:07.495419',1,13,2,45),(322,'2018-09-06 01:42:07.495419',1,14,2,49),(323,'2018-09-06 01:42:07.495419',1,15,2,51),(324,'2018-09-06 01:42:07.495419',1,16,2,53),(325,'2018-09-06 01:42:07.495419',1,17,2,55),(326,'2018-09-06 01:42:07.495419',1,18,2,57),(327,'2018-09-06 01:42:07.495419',1,19,2,61),(328,'2018-09-06 01:42:07.495419',1,20,2,65),(329,'2018-09-06 01:42:07.495419',1,21,2,69),(330,'2018-09-06 01:42:07.495419',1,22,2,73),(331,'2018-09-06 01:42:07.495419',1,24,2,81),(332,'2018-09-06 01:42:07.495419',1,25,2,83),(333,'2018-09-06 01:42:07.495419',1,26,2,87),(334,'2018-09-06 01:42:07.495419',1,27,2,89),(335,'2018-09-06 01:42:07.495419',1,28,2,91),(336,'2018-09-06 01:43:44.033936',1,29,2,95),(337,'2018-09-06 01:43:44.033936',1,31,2,103),(338,'2018-09-06 01:43:44.033936',1,32,2,107),(339,'2018-09-06 01:43:44.033936',1,38,2,131),(340,'2018-09-06 01:43:44.033936',1,41,2,143),(341,'2018-09-06 01:43:44.033936',1,55,2,199),(342,'2018-09-06 01:43:44.033936',1,60,2,217),(343,'2018-09-06 01:43:44.033936',1,65,2,237),(344,'2018-09-06 01:43:44.033936',1,68,2,249),(345,'2018-09-06 01:43:44.033936',1,69,2,253),(346,'2018-09-06 01:47:02.352250',1,70,2,257),(347,'2018-09-06 01:47:02.352250',1,73,2,269),(348,'2018-09-06 01:47:02.352250',1,75,2,277),(349,'2018-09-06 01:47:02.352250',1,76,2,281),(350,'2018-09-06 01:47:02.352250',1,78,2,287),(351,'2018-09-06 01:47:02.352250',0,81,2,298),(352,'2018-09-06 01:47:02.352250',1,82,2,299),(353,'2018-09-06 01:47:02.352250',1,84,2,303),(354,'2018-09-06 01:47:02.352250',1,86,2,311),(355,'2018-09-06 01:47:02.352250',1,93,2,337),(356,'2018-09-06 11:06:22.642712',1,98,2,355),(357,'2018-09-06 11:06:22.642712',1,99,2,359),(358,'2018-09-06 11:06:22.642712',1,100,2,363),(359,'2018-09-06 11:06:22.642712',1,101,2,367),(360,'2018-09-06 11:06:22.642712',1,102,2,371),(361,'2018-09-06 11:06:22.642712',1,103,2,373),(362,'2018-09-06 11:06:22.642712',1,104,2,375),(363,'2018-09-06 11:06:22.642712',1,105,2,377),(364,'2018-09-06 11:06:22.642712',1,106,2,381),(365,'2018-09-06 11:06:22.642712',0,107,2,386),(366,'2018-09-06 11:06:22.642712',1,108,2,387),(367,'2018-09-06 11:06:22.642712',1,109,2,389),(368,'2018-09-06 11:06:22.642712',1,110,2,393),(369,'2018-09-06 11:06:22.642712',1,111,2,397),(370,'2018-09-06 11:06:22.642712',1,112,2,401),(371,'2018-09-08 01:59:15.065979',1,22,2,73),(372,'2018-09-08 01:59:15.065979',1,31,2,103),(373,'2018-09-08 01:59:15.065979',1,36,2,123),(374,'2018-09-08 01:59:15.065979',1,50,2,179),(375,'2018-09-08 01:59:15.065979',1,51,2,183),(376,'2018-09-08 01:59:15.065979',1,63,2,229),(377,'2018-09-08 01:59:15.065979',1,81,2,295),(378,'2018-09-08 01:59:15.065979',0,94,2,342),(379,'2018-09-08 01:59:15.065979',1,107,2,385),(380,'2018-09-08 01:59:15.065979',1,112,2,401),(381,'2018-09-08 02:06:31.414121',1,13,1,45),(382,'2018-09-08 02:06:31.414121',0,15,1,52),(383,'2018-09-08 02:06:31.414121',1,24,1,81),(384,'2018-09-08 02:06:31.414121',1,47,1,167),(385,'2018-09-08 02:06:31.414121',1,64,1,233),(386,'2018-09-08 02:06:31.414121',1,66,1,241),(387,'2018-09-08 02:06:31.414121',1,78,1,287),(388,'2018-09-08 02:06:31.414121',0,81,1,298),(389,'2018-09-08 02:06:31.414121',1,84,1,303),(390,'2018-09-08 02:06:31.414121',1,99,1,359),(391,'2018-09-10 10:03:25.786329',1,18,2,57),(392,'2018-09-10 10:03:25.786329',1,23,2,77),(393,'2018-09-10 10:03:25.786329',1,33,2,111),(394,'2018-09-10 10:03:25.786329',1,48,2,171),(395,'2018-09-10 10:03:25.786329',1,63,2,229),(396,'2018-09-10 10:03:25.786329',1,69,2,253),(397,'2018-09-10 10:03:25.786329',1,74,2,273),(398,'2018-09-10 10:03:25.786329',1,89,2,321),(399,'2018-09-10 10:03:25.786329',1,93,2,337),(400,'2018-09-10 10:03:25.786329',0,99,2,361),(401,'2018-09-11 01:48:31.344419',1,15,1,51),(402,'2018-09-11 01:48:31.344419',1,18,1,57),(403,'2018-09-11 01:48:31.344419',1,25,1,83),(404,'2018-09-11 01:48:31.344419',1,38,1,131),(405,'2018-09-11 01:48:31.344419',1,48,1,171),(406,'2018-09-11 01:48:31.344419',1,69,1,253),(407,'2018-09-11 01:48:31.344419',1,71,1,261),(408,'2018-09-11 01:48:31.344419',1,73,1,269),(409,'2018-09-11 01:48:31.344419',1,80,1,291),(410,'2018-09-11 01:48:31.344419',1,82,1,299),(411,'2018-09-11 01:48:31.344419',1,91,1,329),(412,'2018-09-11 01:48:31.344419',1,92,1,333),(413,'2018-09-11 01:48:31.344419',1,95,1,343),(414,'2018-09-11 01:48:31.344419',1,108,1,387),(415,'2018-09-11 01:48:31.344419',1,111,1,397),(416,'2018-09-11 01:48:31.344419',1,126,1,449),(417,'2018-09-11 01:48:31.344419',1,128,1,457),(418,'2018-09-11 01:48:31.344419',1,129,1,461),(419,'2018-09-11 01:48:31.344419',1,133,1,477),(420,'2018-09-11 01:48:31.344419',1,139,1,493),(421,'2018-09-11 02:28:29.633001',1,2,2,3),(422,'2018-09-11 02:28:29.633001',1,3,2,7),(423,'2018-09-11 02:28:29.633001',1,7,2,21),(424,'2018-09-11 02:28:29.633001',1,8,2,25),(425,'2018-09-11 02:28:29.633001',1,12,2,41),(426,'2018-09-11 02:28:29.633001',1,14,2,49),(427,'2018-09-11 02:28:29.633001',0,16,2,54),(428,'2018-09-11 02:28:29.633001',1,17,2,55),(429,'2018-09-11 02:28:29.633001',1,22,2,73),(430,'2018-09-11 02:28:29.633001',1,27,2,89),(431,'2018-09-11 02:28:29.633001',1,29,2,95),(432,'2018-09-11 02:28:29.633001',1,33,2,111),(433,'2018-09-11 02:28:29.633001',1,37,2,127),(434,'2018-09-11 02:28:29.633001',1,43,2,151),(435,'2018-09-11 02:28:29.633001',1,44,2,155),(436,'2018-09-11 02:28:29.633001',1,48,2,171),(437,'2018-09-11 02:28:29.633001',1,50,2,179),(438,'2018-09-11 02:28:29.633001',1,54,2,195),(439,'2018-09-11 02:28:29.633001',1,58,2,211),(440,'2018-09-11 02:28:29.633001',1,59,2,215),(441,'2018-09-11 02:28:29.633001',1,65,2,237),(442,'2018-09-11 02:28:29.633001',1,67,2,245),(443,'2018-09-11 02:28:29.633001',1,68,2,249),(444,'2018-09-11 02:28:29.633001',1,69,2,253),(445,'2018-09-11 02:28:29.633001',1,70,2,257),(446,'2018-09-11 02:28:29.633001',1,75,2,277),(447,'2018-09-11 02:28:29.633001',0,79,2,290),(448,'2018-09-11 02:28:29.633001',1,80,2,291),(449,'2018-09-11 02:28:29.633001',1,84,2,303),(450,'2018-09-11 02:28:29.633001',1,87,2,315),(451,'2018-09-11 02:28:29.633001',0,89,2,324),(452,'2018-09-11 02:28:29.633001',1,93,2,337),(453,'2018-09-11 02:28:29.633001',1,94,2,339),(454,'2018-09-11 02:28:29.633001',1,95,2,343),(455,'2018-09-11 02:28:29.633001',1,100,2,363),(456,'2018-09-11 02:28:29.633001',1,105,2,377),(457,'2018-09-11 02:28:29.633001',1,106,2,381),(458,'2018-09-11 02:28:29.633001',1,107,2,385),(459,'2018-09-11 02:28:29.633001',1,110,2,393),(460,'2018-09-11 02:28:29.633001',0,115,2,412),(461,'2018-09-11 02:28:29.633001',1,120,2,425),(462,'2018-09-11 02:28:29.633001',1,133,2,477),(463,'2018-09-11 02:28:29.633001',1,135,2,483),(464,'2018-09-11 02:28:29.633001',0,139,2,494),(465,'2018-09-11 02:28:29.633001',0,140,2,496),(466,'2018-09-11 02:28:29.633001',1,141,2,499),(467,'2018-09-11 02:28:29.633001',1,144,2,507),(468,'2018-09-11 02:28:29.633001',0,149,2,528),(469,'2018-09-11 02:28:29.633001',0,150,2,530),(470,'2018-09-11 02:28:29.633001',0,154,2,543),(471,'2018-09-11 02:34:23.246207',1,99,2,359),(472,'2018-09-11 02:34:23.246207',1,106,2,381),(473,'2018-09-11 02:34:23.246207',1,110,2,393),(474,'2018-09-11 02:34:23.246207',0,114,2,408),(475,'2018-09-11 02:34:23.246207',1,122,2,433),(476,'2018-09-11 02:34:23.246207',1,124,2,441),(477,'2018-09-11 02:34:23.246207',0,126,2,450),(478,'2018-09-11 02:34:23.246207',1,128,2,457),(479,'2018-09-11 02:34:23.246207',1,129,2,461),(480,'2018-09-11 02:34:23.246207',0,131,2,472),(481,'2018-09-11 10:30:03.932379',0,8,1,26),(482,'2018-09-11 10:30:03.932379',0,19,1,63),(483,'2018-09-11 10:30:03.932379',1,33,1,111),(484,'2018-09-11 10:30:03.932379',1,97,1,351),(485,'2018-09-11 10:30:03.932379',0,131,1,472),(486,'2018-09-11 10:30:03.932379',0,132,1,474),(487,'2018-09-11 10:30:03.932379',0,133,1,478),(488,'2018-09-11 10:30:03.932379',1,135,1,483),(489,'2018-09-11 10:30:03.932379',1,138,1,491),(490,'2018-09-11 10:30:03.932379',0,140,1,496),(491,'2018-09-15 19:09:53.215680',1,4,1,11),(492,'2018-09-15 19:09:53.215680',1,37,1,127),(493,'2018-09-15 19:09:53.215680',1,65,1,237),(494,'2018-09-15 19:09:53.215680',1,89,1,321),(495,'2018-09-15 19:09:53.215680',1,94,1,339),(496,'2018-09-15 19:09:53.215680',1,104,1,375),(497,'2018-09-15 19:09:53.215680',0,151,1,532),(498,'2018-09-15 19:09:53.215680',0,156,1,552),(499,'2018-09-15 19:09:53.215680',1,167,1,589),(500,'2018-09-15 19:09:53.215680',0,190,1,668),(501,'2018-09-19 15:21:06.478281',1,2,2,3),(502,'2018-09-19 15:21:06.478281',1,4,2,11),(503,'2018-09-19 15:21:06.478281',1,5,2,13),(504,'2018-09-19 15:21:06.478281',1,6,2,17),(505,'2018-09-19 15:21:06.478281',1,7,2,21),(506,'2018-09-19 15:21:06.478281',1,8,2,25),(507,'2018-09-19 15:21:06.478281',1,10,2,33),(508,'2018-09-19 15:21:06.478281',1,23,2,77),(509,'2018-09-19 15:21:06.478281',1,92,2,333),(510,'2018-09-19 15:21:06.478281',0,135,2,484),(511,'2018-09-19 20:27:31.178824',1,3,2,7),(512,'2018-09-19 20:27:31.178824',1,11,2,37),(513,'2018-09-19 20:27:31.178824',0,15,2,52),(514,'2018-09-19 20:27:31.178824',1,17,2,55),(515,'2018-09-19 20:27:31.178824',1,19,2,61),(516,'2018-09-19 20:27:31.178824',1,20,2,65),(517,'2018-09-19 20:27:31.178824',1,24,2,81),(518,'2018-09-19 20:27:31.178824',1,26,2,87),(519,'2018-09-19 20:27:31.178824',1,36,2,123),(520,'2018-09-19 20:27:31.178824',1,37,2,127),(521,'2018-09-19 20:27:31.178824',1,38,2,131),(522,'2018-09-19 20:27:31.178824',1,43,2,151),(523,'2018-09-19 20:27:31.178824',1,51,2,183),(524,'2018-09-19 20:27:31.178824',1,53,2,191),(525,'2018-09-19 20:27:31.178824',1,57,2,207),(526,'2018-09-19 20:27:31.178824',1,58,2,211),(527,'2018-09-19 20:27:31.178824',1,68,2,249),(528,'2018-09-19 20:27:31.178824',1,71,2,261),(529,'2018-09-19 20:27:31.178824',1,75,2,277),(530,'2018-09-19 20:27:31.178824',1,82,2,299),(531,'2018-09-19 20:27:31.178824',0,87,2,316),(532,'2018-09-19 20:27:31.178824',1,92,2,333),(533,'2018-09-19 20:27:31.178824',1,94,2,339),(534,'2018-09-19 20:27:31.178824',1,95,2,343),(535,'2018-09-19 20:27:31.178824',1,98,2,355),(536,'2018-09-19 20:27:31.178824',0,101,2,368),(537,'2018-09-19 20:27:31.178824',1,102,2,371),(538,'2018-09-19 20:27:31.178824',1,110,2,393),(539,'2018-09-19 20:27:31.178824',1,121,2,429),(540,'2018-09-19 20:27:31.178824',1,136,2,485),(541,'2018-09-19 20:27:31.178824',1,144,2,507),(542,'2018-09-19 20:27:31.178824',1,146,2,513),(543,'2018-09-19 20:27:31.178824',1,148,2,521),(544,'2018-09-19 20:27:31.178824',1,150,2,529),(545,'2018-09-19 20:27:31.178824',1,154,2,541),(546,'2018-09-19 20:27:31.178824',1,155,2,545),(547,'2018-09-19 20:27:31.178824',1,159,2,557),(548,'2018-09-19 20:27:31.178824',1,169,2,597),(549,'2018-09-19 20:27:31.178824',1,172,2,609),(550,'2018-09-19 20:27:31.178824',0,179,2,632),(551,'2018-09-19 20:27:31.178824',0,180,2,635),(552,'2018-09-19 20:27:31.178824',1,185,2,653),(553,'2018-09-19 20:27:31.178824',1,186,2,655),(554,'2018-09-19 20:27:31.178824',1,189,2,663),(555,'2018-09-19 20:27:31.178824',1,191,2,671),(556,'2018-09-19 20:27:31.178824',0,192,2,678),(557,'2018-09-19 20:27:31.178824',0,194,2,685),(558,'2018-09-19 20:27:31.178824',1,197,2,695),(559,'2018-09-19 20:27:31.178824',1,199,2,703),(560,'2018-09-19 20:27:31.178824',1,202,2,715),(561,'2018-09-19 20:47:21.227452',1,3,2,7),(562,'2018-09-19 20:47:21.227452',1,13,2,45),(563,'2018-09-19 20:47:21.227452',1,15,2,51),(564,'2018-09-19 20:47:21.227452',1,18,2,57),(565,'2018-09-19 20:47:21.227452',1,29,2,95),(566,'2018-09-19 20:47:21.227452',0,39,2,136),(567,'2018-09-19 20:47:21.227452',1,44,2,155),(568,'2018-09-19 20:47:21.227452',1,45,2,159),(569,'2018-09-19 20:47:21.227452',1,54,2,195),(570,'2018-09-19 20:47:21.227452',1,59,2,215),(571,'2018-09-19 20:47:21.227452',0,61,2,222),(572,'2018-09-19 20:47:21.227452',1,66,2,241),(573,'2018-09-19 20:47:21.227452',1,67,2,245),(574,'2018-09-19 20:47:21.227452',1,75,2,277),(575,'2018-09-19 20:47:21.227452',1,77,2,285),(576,'2018-09-19 20:47:21.227452',1,78,2,287),(577,'2018-09-19 20:47:21.227452',1,91,2,329),(578,'2018-09-19 20:47:21.227452',0,92,2,335),(579,'2018-09-19 20:47:21.227452',1,94,2,339),(580,'2018-09-19 20:47:21.227452',1,95,2,343),(581,'2018-09-19 20:47:21.227452',1,104,2,375),(582,'2018-09-19 20:47:21.227452',1,105,2,377),(583,'2018-09-19 20:47:21.227452',1,108,2,387),(584,'2018-09-19 20:47:21.227452',1,111,2,397),(585,'2018-09-19 20:47:21.227452',1,117,2,415),(586,'2018-09-19 20:47:21.227452',0,119,2,423),(587,'2018-09-19 20:47:21.227452',1,123,2,437),(588,'2018-09-19 20:47:21.227452',0,131,2,472),(589,'2018-09-19 20:47:21.227452',1,137,2,487),(590,'2018-09-19 20:47:21.227452',1,139,2,493),(591,'2018-09-19 20:47:21.227452',1,141,2,499),(592,'2018-09-19 20:47:21.227452',1,142,2,501),(593,'2018-09-19 20:47:21.227452',1,143,2,505),(594,'2018-09-19 20:47:21.227452',1,146,2,513),(595,'2018-09-19 20:47:21.227452',0,150,2,530),(596,'2018-09-19 20:47:21.227452',0,156,2,550),(597,'2018-09-19 20:47:21.227452',1,159,2,557),(598,'2018-09-19 20:47:21.227452',1,170,2,601),(599,'2018-09-19 20:47:21.227452',1,179,2,631),(600,'2018-09-19 20:47:21.227452',1,180,2,633),(601,'2018-09-19 20:47:21.227452',0,181,2,638),(602,'2018-09-19 20:47:21.227452',1,186,2,655),(603,'2018-09-19 20:47:21.227452',0,193,2,681),(604,'2018-09-19 20:47:21.227452',1,194,2,683),(605,'2018-09-19 20:47:21.227452',0,195,2,688),(606,'2018-09-19 20:47:21.227452',0,196,2,692),(607,'2018-09-19 20:47:21.227452',1,198,2,699),(608,'2018-09-19 20:47:21.227452',1,199,2,703),(609,'2018-09-19 20:47:21.227452',1,201,2,711),(610,'2018-09-19 20:47:21.227452',1,203,2,719),(611,'2018-09-20 23:44:37.095820',1,10,1,33),(612,'2018-09-20 23:44:37.095820',1,13,1,45),(613,'2018-09-20 23:44:37.095820',1,32,1,107),(614,'2018-09-20 23:44:37.095820',1,34,1,115),(615,'2018-09-20 23:44:37.095820',1,35,1,119),(616,'2018-09-20 23:44:37.095820',1,37,1,127),(617,'2018-09-20 23:44:37.095820',1,42,1,147),(618,'2018-09-20 23:44:37.095820',1,45,1,159),(619,'2018-09-20 23:44:37.095820',1,51,1,183),(620,'2018-09-20 23:44:37.095820',1,55,1,199),(621,'2018-09-20 23:44:37.095820',1,57,1,207),(622,'2018-09-20 23:44:37.095820',1,70,1,257),(623,'2018-09-20 23:44:37.095820',1,74,1,273),(624,'2018-09-20 23:44:37.095820',1,75,1,277),(625,'2018-09-20 23:44:37.095820',0,78,1,288),(626,'2018-09-20 23:44:37.095820',1,82,1,299),(627,'2018-09-20 23:44:37.095820',1,85,1,307),(628,'2018-09-20 23:44:37.095820',1,87,1,315),(629,'2018-09-20 23:44:37.095820',1,89,1,321),(630,'2018-09-20 23:44:37.095820',1,90,1,325),(631,'2018-09-20 23:44:37.095820',1,94,1,339),(632,'2018-09-20 23:44:37.095820',1,106,1,381),(633,'2018-09-20 23:44:37.095820',1,109,1,389),(634,'2018-09-20 23:44:37.095820',1,116,1,413),(635,'2018-09-20 23:44:37.095820',0,119,1,423),(636,'2018-09-20 23:44:37.095820',1,121,1,429),(637,'2018-09-20 23:44:37.095820',1,129,1,461),(638,'2018-09-20 23:44:37.095820',1,131,1,469),(639,'2018-09-20 23:44:37.095820',1,132,1,473),(640,'2018-09-20 23:44:37.095820',1,135,1,483),(641,'2018-09-20 23:44:37.095820',0,146,1,514),(642,'2018-09-20 23:44:37.095820',1,148,1,521),(643,'2018-09-20 23:44:37.095820',1,151,1,531),(644,'2018-09-20 23:44:37.095820',1,155,1,545),(645,'2018-09-20 23:44:37.095820',0,164,1,578),(646,'2018-09-20 23:44:37.095820',1,167,1,589),(647,'2018-09-20 23:44:37.095820',1,169,1,597),(648,'2018-09-20 23:44:37.095820',1,170,1,601),(649,'2018-09-20 23:44:37.095820',1,172,1,609),(650,'2018-09-20 23:44:37.095820',1,174,1,617),(651,'2018-09-20 23:44:37.095820',0,178,1,630),(652,'2018-09-20 23:44:37.095820',1,181,1,637),(653,'2018-09-20 23:44:37.095820',1,185,1,653),(654,'2018-09-20 23:44:37.095820',1,186,1,655),(655,'2018-09-20 23:44:37.095820',1,192,1,675),(656,'2018-09-20 23:44:37.095820',1,199,1,703),(657,'2018-09-20 23:44:37.095820',1,202,1,715),(658,'2018-09-20 23:44:37.095820',0,209,1,740),(659,'2018-09-20 23:44:37.095820',1,212,1,749),(660,'2018-09-20 23:44:37.095820',1,213,1,753),(661,'2018-09-23 01:27:57.111951',1,6,2,17),(662,'2018-09-23 01:27:57.111951',1,25,2,83),(663,'2018-09-23 01:27:57.111951',1,29,2,95),(664,'2018-09-23 01:27:57.111951',1,32,2,107),(665,'2018-09-23 01:27:57.111951',1,37,2,127),(666,'2018-09-23 01:27:57.111951',1,53,2,191),(667,'2018-09-23 01:27:57.111951',1,55,2,199),(668,'2018-09-23 01:27:57.111951',0,62,2,227),(669,'2018-09-23 01:27:57.111951',1,67,2,245),(670,'2018-09-23 01:27:57.111951',0,70,2,259),(671,'2018-09-23 01:27:57.111951',1,77,2,285),(672,'2018-09-23 01:27:57.111951',1,102,2,371),(673,'2018-09-23 01:27:57.111951',1,110,2,393),(674,'2018-09-23 01:27:57.111951',1,119,2,421),(675,'2018-09-23 01:27:57.111951',1,123,2,437),(676,'2018-09-23 01:27:57.111951',0,130,2,466),(677,'2018-09-23 01:27:57.111951',0,134,2,482),(678,'2018-09-23 01:27:57.111951',1,135,2,483),(679,'2018-09-23 01:27:57.111951',1,144,2,507),(680,'2018-09-23 01:27:57.111951',1,148,2,521),(681,'2018-09-23 01:27:57.111951',1,151,2,531),(682,'2018-09-23 01:27:57.111951',1,162,2,569),(683,'2018-09-23 01:27:57.111951',1,170,2,601),(684,'2018-09-23 01:27:57.111951',1,176,2,623),(685,'2018-09-23 01:27:57.111951',0,188,2,662),(686,'2018-09-23 01:27:57.111951',1,200,2,707),(687,'2018-09-23 01:27:57.111951',0,204,2,724),(688,'2018-09-23 01:27:57.111951',1,211,2,745),(689,'2018-09-23 01:27:57.111951',1,214,2,757),(690,'2018-09-23 01:27:57.111951',0,217,2,768),(691,'2018-09-23 01:27:57.111951',1,238,2,851),(692,'2018-09-23 01:27:57.111951',1,239,2,855),(693,'2018-09-23 01:27:57.111951',0,242,2,868),(694,'2018-09-23 01:27:57.111951',0,246,2,882),(695,'2018-09-23 01:27:57.111951',1,247,2,883),(696,'2018-09-23 01:27:57.111951',0,251,2,896),(697,'2018-09-23 01:27:57.111951',1,258,2,921),(698,'2018-09-23 01:27:57.111951',0,278,2,990),(699,'2018-09-23 01:27:57.111951',1,282,2,1001),(700,'2018-09-23 01:27:57.111951',1,284,2,1009),(701,'2018-09-23 01:27:57.111951',1,286,2,1017),(702,'2018-09-23 01:27:57.111951',0,288,2,1026),(703,'2018-09-23 01:27:57.111951',1,295,2,1053),(704,'2018-09-23 01:27:57.111951',1,303,2,1085),(705,'2018-09-23 01:27:57.111951',1,313,2,1119),(706,'2018-09-23 01:27:57.111951',0,315,2,1129),(707,'2018-09-23 01:27:57.111951',1,316,2,1131),(708,'2018-09-23 01:27:57.111951',1,317,2,1135),(709,'2018-09-23 01:27:57.111951',1,320,2,1143),(710,'2018-09-23 01:27:57.111951',1,328,2,1169),(711,'2018-09-23 12:31:48.144864',0,33,2,112),(712,'2018-09-23 12:31:48.144864',0,56,2,205),(713,'2018-09-23 12:31:48.144864',1,125,2,445),(714,'2018-09-23 12:31:48.144864',1,132,2,473),(715,'2018-09-23 12:31:48.144864',1,163,2,573),(716,'2018-09-23 12:31:48.144864',0,177,2,626),(717,'2018-09-23 12:31:48.144864',1,187,2,659),(718,'2018-09-23 12:31:48.144864',0,207,2,736),(719,'2018-09-23 12:31:48.144864',0,218,2,772),(720,'2018-09-23 12:31:48.144864',1,242,2,867),(721,'2018-09-23 12:38:16.296594',1,222,2,787),(722,'2018-09-23 12:38:16.296594',1,236,2,843),(723,'2018-09-23 12:38:16.296594',1,247,2,883),(724,'2018-09-23 12:38:16.296594',1,256,2,913),(725,'2018-09-23 12:38:16.296594',0,262,2,933),(726,'2018-09-23 12:38:16.296594',0,268,2,952),(727,'2018-09-23 12:38:16.296594',1,273,2,971),(728,'2018-09-23 12:38:16.296594',0,292,2,1044),(729,'2018-09-23 12:38:16.296594',0,318,2,1138),(730,'2018-09-23 12:38:16.296594',0,325,2,1159),(731,'2018-09-23 12:42:18.003860',1,32,2,107),(732,'2018-09-23 12:42:18.003860',1,33,2,111),(733,'2018-09-23 12:42:18.003860',1,34,2,115),(734,'2018-09-23 12:42:18.003860',1,37,2,127),(735,'2018-09-23 12:42:18.003860',1,39,2,135),(736,'2018-09-23 12:42:18.003860',1,41,2,143),(737,'2018-09-23 12:42:18.003860',1,43,2,151),(738,'2018-09-23 12:42:18.003860',1,44,2,155),(739,'2018-09-23 12:42:18.003860',1,45,2,159),(740,'2018-09-23 12:42:18.003860',1,344,2,1225),(741,'2018-09-23 12:48:00.252477',1,143,2,505),(742,'2018-09-23 12:48:00.252477',1,165,2,581),(743,'2018-09-23 12:48:00.252477',1,172,2,609),(744,'2018-09-23 12:48:00.252477',1,178,2,629),(745,'2018-09-23 12:48:00.252477',1,179,2,631),(746,'2018-09-23 12:48:00.252477',0,183,2,646),(747,'2018-09-23 12:48:00.252477',0,184,2,650),(748,'2018-09-23 12:48:00.252477',1,187,2,659),(749,'2018-09-23 12:48:00.252477',0,194,2,686),(750,'2018-09-23 12:48:00.252477',1,198,2,699),(751,'2018-09-26 22:08:03.195956',0,47,5,169),(752,'2018-09-26 22:08:03.195956',0,81,5,298),(753,'2018-09-26 22:08:03.195956',1,107,5,385),(754,'2018-09-26 22:08:03.195956',0,111,5,399),(755,'2018-09-26 22:08:03.195956',1,159,5,557),(756,'2018-09-26 22:08:03.195956',0,193,5,682),(757,'2018-09-26 22:08:03.195956',0,215,5,762),(758,'2018-09-26 22:08:03.195956',0,226,5,805),(759,'2018-09-26 22:08:03.195956',0,260,5,928),(760,'2018-09-26 22:08:03.195956',0,344,5,1226);
/*!40000 ALTER TABLE `question_result` ENABLE KEYS */;
UNLOCK TABLES;

--
-- Table structure for table `question_section`
--

DROP TABLE IF EXISTS `question_section`;
/*!40101 SET @saved_cs_client     = @@character_set_client */;
/*!40101 SET character_set_client = utf8 */;
CREATE TABLE `question_section` (
  `id` int(11) NOT NULL AUTO_INCREMENT,
  `name` varchar(255) NOT NULL,
  PRIMARY KEY (`id`)
) ENGINE=InnoDB AUTO_INCREMENT=11 DEFAULT CHARSET=latin1;
/*!40101 SET character_set_client = @saved_cs_client */;

--
-- Dumping data for table `question_section`
--

LOCK TABLES `question_section` WRITE;
/*!40000 ALTER TABLE `question_section` DISABLE KEYS */;
INSERT INTO `question_section` VALUES (1,'Rights and Responsibilities of Citizenship'),(2,'Who We Are'),(3,'Canada\'s History'),(4,'Modern Canada'),(5,'How Canadians Govern Themselves'),(6,'Federal Elections'),(7,'The Justice System'),(8,'Canadian Symbols'),(9,'Canada\'s Economy'),(10,'Canada\'s Regions');
/*!40000 ALTER TABLE `question_section` ENABLE KEYS */;
UNLOCK TABLES;

--
-- Table structure for table `testt_question`
--

DROP TABLE IF EXISTS `testt_question`;
/*!40101 SET @saved_cs_client     = @@character_set_client */;
/*!40101 SET character_set_client = utf8 */;
CREATE TABLE `testt_question` (
  `id` int(11) NOT NULL AUTO_INCREMENT,
  `question` longtext NOT NULL,
  `answer` longtext NOT NULL,
  `type_id` int(11) NOT NULL,
  PRIMARY KEY (`id`),
  KEY `testt_question_type_id_5db7dc47_fk_testt_questiontype_id` (`type_id`),
  CONSTRAINT `testt_question_type_id_5db7dc47_fk_testt_questiontype_id` FOREIGN KEY (`type_id`) REFERENCES `testt_questiontype` (`id`)
) ENGINE=InnoDB AUTO_INCREMENT=52 DEFAULT CHARSET=latin1;
/*!40101 SET character_set_client = @saved_cs_client */;

--
-- Dumping data for table `testt_question`
--

LOCK TABLES `testt_question` WRITE;
/*!40000 ALTER TABLE `testt_question` DISABLE KEYS */;
INSERT INTO `testt_question` VALUES (1,'Who discovered Canada for the English?\r\nWhen did he discover it?','John Cabot, 1497 (setting foot on Newfoundland)',1),(2,'Who discovered Canada for the French?\r\nWhen did he discover it?','Jacques Cartier, 1534 (explored the St Lawrence River, and set eyes on present-day Quebec City)',1),(3,'Which French explorers colonized Canada?  What major colony/outpost did they build?  When did they build it?','Pierre de Monts, Samuel de Champlain.   1608, Quebec City',1),(4,'What year was the Battle of the Plains?   What was the fight over?   Who won?','1759, French vs English for North America, English won.',1),(5,'What was the Underground railroad?','A Christian anti-slavery network that helped thousands of slaves escape from the United States into Canada',1),(6,'What was the war of 1812 about?','USA invaded Canada because they were upset with the British Empire (Canada was a part of it)',1),(7,'Describe the Canadian rebellions of 1837-38.  What were they about?  Where did the rebellions occur?  Did they succeed?','Some Canadians believed we should adopt American republican values/join the United States.  armed rebellion in 1837-38 in the area outside Montreal and in Toronto.  The rebels did not have enough public support to succeed.  They were defeated.  A number of rebels were hanged or exiled.',1),(8,'What was the ‘Province of Canada’?','In 1840, upper and lower Canada were united as the province of Canada (Ontario/Quebec).',1),(9,'What was the date of confederation?  Did it have British support?','July 1st, 1867.  Yes British supported it.',1),(10,'What were the first four Canadian provinces?','Ontario ,Quebec, Nova Scotia, New Brunswick',1),(11,'When and where did the first two Canadian rebellions happen?  Who was the Rebellions leader?','1870 (Manitoba), 1885 (Saskatchewan).  Louis Riel led the rebellion.',1),(12,'What is the difference between Jacques Cartier and Sir George-Etienne Cartier?','Jacques was a French explorer who discovered Canada for the French.   Sir George was a key architect of Canada confederation. (Led Quebec into confederation, and later negotiated entry of Northwest Territories, Manitoba, British Columbia)',1),(13,'When were woman given the right to vote in Canada?','1918',1),(14,'Who wrote the poem “In Flanders Fields”.  What day is this poem most often recited.','Colonel John McCrae, Remembrance Day (Nov 11th)',1),(15,'How many Canadians served in World War 2.  How many were killed?','More than one million served, 44,000 were killed.',1),(16,'What was the date of D-Day,  what beach did Canadians storm and capture?','June 6, 1944.  Juno Beach',1),(17,'What are the general sources of Canadian law?','- Laws passed by Parliament\r\n- Laws passed by provincial legislatures\r\n- English common law\r\n- The civil code of France\r\n- Unwritten constitution that we have inherited from Great Britain',2),(18,'What is the Magna Carta?   When was it created?   What name is it also known by?','Magna Carta is a charter of freedoms agreed to by King John of England in 1215.   It is also known as the Great Charter of Freedoms.',2),(19,'What are the four major freedoms laid out in the Magna Carta document?','- Freedom of conscience and religion;\r\n- Freedom of thought, belief, opinion, and expression, including freedom of speech and of the press;\r\n- Freedom of peaceful assuembly\r\n- Freedom of association.',2),(20,'What is Habeas corpus?','The right to challenge unlawful detention by the state   (comes from English common law).',2),(21,'When was the Constitution of Canada amended to entrech the Canadian Charter of Rights and Freedoms?','1982',2),(22,'What are the additional rights the Canadian Charter of Rights and Freedoms added?','- Mobility Rights\r\n- Aboriginal Peoples\' Rights\r\n- Official Language Rights and Minority Language Educational Rights\r\n- Multiculturalism',2),(23,'What is the mobility right?','Canadians can live and work anywhere they choose in Canada, enter and leave the country freely, and apply for a passport.',2),(24,'What is the Aboriginal People\'s Right?','The right guaranteed in the Charter will not adversely affect any treaty or other rights or freedoms of Aboriginal peoples.',2),(25,'What is the Official Language Rights and Minority Language Educational Rights','French and English have equal status in Parliament and throughout the government.',2),(26,'What is the multiculturalism right?','A fundamental characteristic of the Canadian heritage and identity.  Canadians celebrate the gift of one another\'s presence and work hard to respect pluralism and live in harmony.',2),(27,'Are men and women equal under Canadian law?','Yes.',2),(28,'What are the six Canadian citizenship responsibilities?','- Obeying the law\r\n- Taking responsibility for oneself and one\'s family\r\n- Serving on a jury\r\n- Voting in elections\r\n- Helping others in the community\r\n- Protecting and enjoying our heritage and environment',2),(29,'Does Canada have compulsory military service?','No',2),(30,'What is the name of Canada\'s original constitutional document in 1867?','The British North America Act',3),(31,'Have poets and songwriters hailed Canada as the \"Great Dominion\"?','True',3),(32,'Have poets and songwriters hailed Canada as the \"Great Empire\"?','False',3),(33,'What are Canada\'s three founding groups of people?','Aboriginal, French and British.',3),(34,'Are aboriginal and treaty rights contained in the Canadian Constitution?','Yes',3),(35,'When were Canadian aboriginal territorial rights first guaranteed?  Who did it?','1763 by King George III',3),(36,'From the 1800s until the 1980s, what did the Federal government do with many Aboriginal children?','Placed them in residential schools to educate and assimilate them into mainstream Canadian culture.  The schools were poorly funded and inflicted hardship.  Some students were physically abused.',3),(37,'Did Canada apologize to former aboriginal students?  If so, what year did it happen?','Yes.  2008.',3),(38,'What three groups does the term \'Aboriginal peoples\' refer to?','Indian (started being called First Nations in 1970s)\r\nInuit\r\nMetis',3),(39,'What is the general percentage distribution of aboriginal people (First nations, Metis, Inuit)?','65% First Nations\r\n30% Metis\r\n4% Inuit',3),(40,'Who was John Buchan?','The 1st Baron Tweedsmuir, was a popular Governor General of Canada (1935-40)',3),(41,'Is the Federal Government required by law to provide services throughout Canada in both English and French?','Yes',3),(42,'Is the Federal Government required by law to provide services throughout Canada in both English and Spanish?','No',3),(43,'Is Nova Scotia officially bilingual?','No',3),(44,'Is New Brunswick officially bilingual?','Yes',3),(45,'What is an anglophone?','A person who speaks English as a first language?',3),(46,'What is a francophone?','A person who speaks French as a first language',3),(47,'How many Anglophones are in Canada?','18 million',3),(48,'How many Francophones are in Canada?','7 million',3),(49,'Who are the Acadians?','Descendants of French colonists who began settling in what are now the Maritime provinces in 1604.  Between 1755 and 1763, during the war between Britain and France, more than two-thirds of the Acadians were deported from their homeland.  (Known as the \'Great Upheaval\')',3),(50,'Why is Canada referred to as the \'land of immigrants\'?','Over the past 200 years, millions of newcomers have helped build and defend our way of life.   \r\n\r\nMany ethnic and religious groups live and work in peace as proud Canadians.  The largest groups are the English, French, Scottish, Irish, German, Italian, Chinese, Aboriginal, Ukrainian, Dutch, South Asian and Scandinavian.  Since the 1970s, most immigrants have come from Asian countries.',3),(51,'What is Canada\'s largest religious affiliation?','Catholic',3);
/*!40000 ALTER TABLE `testt_question` ENABLE KEYS */;
UNLOCK TABLES;

--
-- Table structure for table `testt_questiontype`
--

DROP TABLE IF EXISTS `testt_questiontype`;
/*!40101 SET @saved_cs_client     = @@character_set_client */;
/*!40101 SET character_set_client = utf8 */;
CREATE TABLE `testt_questiontype` (
  `id` int(11) NOT NULL AUTO_INCREMENT,
  `name` varchar(255) NOT NULL,
  PRIMARY KEY (`id`)
) ENGINE=InnoDB AUTO_INCREMENT=10 DEFAULT CHARSET=latin1;
/*!40101 SET character_set_client = @saved_cs_client */;

--
-- Dumping data for table `testt_questiontype`
--

LOCK TABLES `testt_questiontype` WRITE;
/*!40000 ALTER TABLE `testt_questiontype` DISABLE KEYS */;
INSERT INTO `testt_questiontype` VALUES (1,'History'),(2,'Rights and Responsibilities of Citizenship'),(3,'Who We Are'),(4,'Modern Canada'),(5,'Government'),(6,'The Justice System'),(7,'Canadian Symbols'),(8,'Canadian Economy'),(9,'Canada Regions');
/*!40000 ALTER TABLE `testt_questiontype` ENABLE KEYS */;
UNLOCK TABLES;
/*!40103 SET TIME_ZONE=@OLD_TIME_ZONE */;

/*!40101 SET SQL_MODE=@OLD_SQL_MODE */;
/*!40014 SET FOREIGN_KEY_CHECKS=@OLD_FOREIGN_KEY_CHECKS */;
/*!40014 SET UNIQUE_CHECKS=@OLD_UNIQUE_CHECKS */;
/*!40101 SET CHARACTER_SET_CLIENT=@OLD_CHARACTER_SET_CLIENT */;
/*!40101 SET CHARACTER_SET_RESULTS=@OLD_CHARACTER_SET_RESULTS */;
/*!40101 SET COLLATION_CONNECTION=@OLD_COLLATION_CONNECTION */;
/*!40111 SET SQL_NOTES=@OLD_SQL_NOTES */;

-- Dump completed on 2018-10-17 18:51:06
